1036909568,-0.21786,-0.07219,7.47175,0.99978,0.00043,-0.02111,-0.00111,0.00000,0.00000,0.00000,
1140496896,-0.26432,-0.08419,8.27293,0.99975,0.00066,-0.02232,-0.00193,0.00000,0.00000,0.00000,
1244241920,-0.31164,-0.08674,9.10833,0.99972,0.00061,-0.02340,-0.00160,0.00000,0.00000,0.00000,
1347979008,-0.35042,-0.09225,9.93150,0.99971,0.00092,-0.02420,-0.00011,0.00000,0.00000,0.00000,
1451595776,-0.39995,-0.10373,10.78012,0.99968,0.00048,-0.02512,-0.00041,0.00000,0.00000,0.00000,
1555212032,-0.44372,-0.11527,11.63869,0.99966,0.00054,-0.02594,0.00027,0.00000,0.00000,0.00000,
1658959616,-0.49784,-0.12255,12.48897,0.99964,0.00180,-0.02674,-0.00095,0.00000,0.00000,0.00000,
1762568960,-0.54871,-0.12972,13.35562,0.99962,0.00312,-0.02751,-0.00121,0.00000,0.00000,0.00000,
1866301952,-0.60435,-0.13663,14.23865,0.99958,0.00416,-0.02843,-0.00326,0.00000,0.00000,0.00000,
1969922816,-0.66673,-0.15109,15.12339,0.99957,0.00390,-0.02875,-0.00340,0.00000,0.00000,0.00000,
2073665536,-0.71943,-0.17274,16.00301,0.99956,0.00316,-0.02945,-0.00327,0.00000,0.00000,0.00000,
2177281280,-0.78076,-0.17946,16.89583,0.99954,0.00251,-0.03012,-0.00321,0.00000,0.00000,0.00000,
2281017344,-0.83773,-0.19695,17.79201,0.99952,0.00245,-0.03066,-0.00305,0.00000,0.00000,0.00000,
2384639232,-0.91597,-0.19719,18.70011,0.99950,0.00318,-0.03128,-0.00258,0.00000,0.00000,0.00000,
2488250112,-0.97628,-0.21184,19.61570,0.99948,0.00359,-0.03185,-0.00178,0.00000,0.00000,0.00000,
2591987968,-1.03683,-0.22442,20.53463,0.99948,0.00253,-0.03222,-0.00147,0.00000,0.00000,0.00000,
2695832064,-1.11033,-0.22942,21.46536,0.99948,0.00079,-0.03217,-0.00119,0.00000,0.00000,0.00000,
2799366656,-1.17866,-0.22755,22.41221,0.99949,-0.00074,-0.03191,-0.00138,0.00000,0.00000,0.00000,
2903083776,-1.23197,-0.22111,23.35787,0.99951,-0.00178,-0.03139,-0.00095,0.00000,0.00000,0.00000,
3006768384,-1.29486,-0.22621,24.28568,0.99953,-0.00217,-0.03059,-0.00100,0.00000,0.00000,0.00000,
3110441216,-1.35738,-0.24177,25.22861,0.99955,-0.00096,-0.02985,-0.00135,0.00000,0.00000,0.00000,
3214057216,-1.41975,-0.25493,26.16536,0.99956,0.00135,-0.02941,-0.00198,0.00000,0.00000,0.00000,
3317668864,-1.46478,-0.25296,27.10253,0.99958,0.00278,-0.02897,-0.00123,0.00000,0.00000,0.00000,
3421284864,-1.52188,-0.26597,28.05722,0.99959,0.00218,-0.02858,0.00005,0.00000,0.00000,0.00000,
3524924928,-1.57887,-0.27985,29.03420,0.99958,-0.00050,-0.02880,0.00126,0.00000,0.00000,0.00000,
3628544768,-1.63171,-0.29214,29.99388,0.99957,-0.00232,-0.02919,0.00348,0.00000,0.00000,0.00000,
3732256000,-1.67086,-0.29786,30.93994,0.99953,-0.00202,-0.02978,0.00724,0.00000,0.00000,0.00000,
3835870976,-1.72330,-0.30502,31.90676,0.99951,0.00016,-0.03048,0.00765,0.00000,0.00000,0.00000,
3939488256,-1.78548,-0.31667,32.89854,0.99948,0.00217,-0.03117,0.00785,0.00000,0.00000,0.00000,
4043106560,-1.85363,-0.32041,33.89399,0.99945,0.00260,-0.03222,0.00735,0.00000,0.00000,0.00000,
4146887680,-1.92274,-0.33022,34.89757,0.99944,0.00196,-0.03251,0.00752,0.00000,0.00000,0.00000,
4250460416,-1.98709,-0.35165,35.90426,0.99943,0.00044,-0.03333,0.00608,0.00000,0.00000,0.00000,
4354202112,-2.06289,-0.36115,36.90231,0.99941,-0.00024,-0.03380,0.00626,0.00000,0.00000,0.00000,
4457939968,-2.14278,-0.37170,37.90203,0.99940,-0.00160,-0.03422,0.00580,0.00000,0.00000,0.00000,
4561559040,-2.18383,-0.38988,38.89991,0.99938,-0.00330,-0.03455,0.00583,0.00000,0.00000,0.00000,
4665293312,-2.27124,-0.38957,39.90902,0.99938,-0.00425,-0.03470,0.00282,0.00000,0.00000,0.00000,
4768911616,-2.36234,-0.39311,40.93823,0.99939,-0.00406,-0.03468,0.00315,0.00000,0.00000,0.00000,
4872532224,-2.41865,-0.38587,41.95121,0.99938,-0.00302,-0.03487,0.00318,0.00000,0.00000,0.00000,
4976145664,-2.50969,-0.39725,42.95222,0.99939,-0.00198,-0.03472,0.00236,0.00000,0.00000,0.00000,
5079909120,-2.57673,-0.41927,43.95062,0.99938,-0.00209,-0.03520,0.00241,0.00000,0.00000,0.00000,
5183502848,-2.63901,-0.41247,44.94216,0.99934,-0.00257,-0.03610,0.00392,0.00000,0.00000,0.00000,
5287116544,-2.72958,-0.41998,45.94048,0.99933,-0.00301,-0.03629,0.00336,0.00000,0.00000,0.00000,
5390861312,-2.81307,-0.43246,46.90000,0.99934,-0.00124,-0.03618,0.00246,0.00000,0.00000,0.00000,
5494473472,-2.90185,-0.43699,47.87656,0.99933,0.00088,-0.03647,0.00240,0.00000,0.00000,0.00000,
5598232832,-2.98766,-0.44638,48.84278,0.99933,0.00144,-0.03660,0.00213,0.00000,0.00000,0.00000,
5701828864,-3.04523,-0.45430,49.80015,0.99932,-0.00042,-0.03682,0.00264,0.00000,0.00000,0.00000,
5805570560,-3.10752,-0.47530,50.76644,0.99930,-0.00215,-0.03704,0.00370,0.00000,0.00000,0.00000,
5909185024,-3.17090,-0.49054,51.72603,0.99929,-0.00262,-0.03721,0.00434,0.00000,0.00000,0.00000,
6012920832,-3.24249,-0.49381,52.68700,0.99928,-0.00203,-0.03726,0.00632,0.00000,0.00000,0.00000,
6116540928,-3.31355,-0.49441,53.62765,0.99927,-0.00105,-0.03735,0.00765,0.00000,0.00000,0.00000,
6220278016,-3.39664,-0.52064,54.58915,0.99925,-0.00174,-0.03772,0.00846,0.00000,0.00000,0.00000,
6323894528,-3.46855,-0.53723,55.54850,0.99920,-0.00406,-0.03832,0.01030,0.00000,0.00000,0.00000,
6427658496,-3.54957,-0.53767,56.49837,0.99918,-0.00655,-0.03847,0.01072,0.00000,0.00000,0.00000,
6531383040,-3.62565,-0.54608,57.43074,0.99917,-0.00774,-0.03869,0.01004,0.00000,0.00000,0.00000,
6634991872,-3.69208,-0.54413,58.33764,0.99916,-0.00564,-0.03941,0.00950,0.00000,0.00000,0.00000,
6738740736,-3.76853,-0.54926,59.25795,0.99916,-0.00169,-0.04002,0.00833,0.00000,0.00000,0.00000,
6842350336,-3.84793,-0.55867,60.17886,0.99916,0.00080,-0.04043,0.00727,0.00000,0.00000,0.00000,
6945963264,-3.93065,-0.57193,61.07785,0.99915,0.00042,-0.04087,0.00501,0.00000,0.00000,0.00000,
7049704704,-4.00750,-0.58490,61.96542,0.99913,-0.00070,-0.04156,0.00371,0.00000,0.00000,0.00000,
7153323008,-4.07836,-0.59836,62.83714,0.99911,-0.00145,-0.04207,0.00278,0.00000,0.00000,0.00000,
7256933888,-4.16327,-0.61004,63.69362,0.99909,-0.00133,-0.04250,0.00237,0.00000,0.00000,0.00000,
7360549120,-4.22947,-0.61485,64.53886,0.99905,-0.00156,-0.04350,0.00159,0.00000,0.00000,0.00000,
7464166656,-4.30034,-0.62566,65.38326,0.99901,-0.00181,-0.04434,0.00119,0.00000,0.00000,0.00000,
7567785472,-4.36102,-0.64504,66.19115,0.99898,-0.00207,-0.04515,0.00085,0.00000,0.00000,0.00000,
7671396352,-4.43184,-0.64982,66.99935,0.99894,-0.00253,-0.04586,0.00107,0.00000,0.00000,0.00000,
7775143680,-4.51061,-0.65534,67.80121,0.99891,-0.00380,-0.04662,-0.00023,0.00000,0.00000,0.00000,
7878754048,-4.58938,-0.66144,68.58232,0.99887,-0.00578,-0.04724,-0.00089,0.00000,0.00000,0.00000,
7982492672,-4.67893,-0.66711,69.34662,0.99883,-0.00655,-0.04789,-0.00245,0.00000,0.00000,0.00000,
8086111232,-4.76390,-0.67774,70.09289,0.99881,-0.00447,-0.04847,-0.00402,0.00000,0.00000,0.00000,
8189849344,-4.84620,-0.69547,70.82914,0.99879,-0.00096,-0.04903,-0.00416,0.00000,0.00000,0.00000,
8293470464,-4.91986,-0.70860,71.54433,0.99875,0.00186,-0.04974,-0.00389,0.00000,0.00000,0.00000,
8397102336,-4.98915,-0.71182,72.24638,0.99874,0.00257,-0.04998,-0.00435,0.00000,0.00000,0.00000,
8500846848,-5.05801,-0.72661,72.92393,0.99871,0.00091,-0.05043,-0.00576,0.00000,0.00000,0.00000,
8604437504,-5.12375,-0.74920,73.57619,0.99867,-0.00033,-0.05114,-0.00584,0.00000,0.00000,0.00000,
8708174592,-5.18699,-0.76418,74.20697,0.99866,0.00124,-0.05158,-0.00439,0.00000,0.00000,0.00000,
8811794944,-5.24473,-0.78233,74.83077,0.99866,0.00338,-0.05159,-0.00021,0.00000,0.00000,0.00000,
8915403264,-5.29543,-0.79158,75.41980,0.99867,0.00572,-0.05113,0.00177,0.00000,0.00000,0.00000,
9019162112,-5.35467,-0.81481,76.00576,0.99875,0.00566,-0.04956,0.00058,0.00000,0.00000,0.00000,
9122889472,-5.41250,-0.82595,76.58433,0.99886,0.00438,-0.04754,-0.00210,0.00000,0.00000,0.00000,
9226512384,-5.47347,-0.83895,77.14389,0.99898,0.00274,-0.04501,-0.00125,0.00000,0.00000,0.00000,
9330246912,-5.51553,-0.85156,77.67953,0.99911,0.00055,-0.04209,0.00074,0.00000,0.00000,0.00000,
9433985792,-5.54226,-0.86440,78.21633,0.99927,-0.00141,-0.03802,0.00334,0.00000,0.00000,0.00000,
9537748480,-5.56975,-0.87419,78.73306,0.99946,-0.00132,-0.03274,0.00151,0.00000,0.00000,0.00000,
9641586944,-5.59746,-0.88594,79.23805,0.99968,-0.00120,-0.02518,-0.00120,0.00000,0.00000,0.00000,
9745341952,-5.60116,-0.88654,79.74659,0.99986,-0.00154,-0.01633,-0.00359,0.00000,0.00000,0.00000,
9849229312,-5.58795,-0.88931,80.23464,0.99998,-0.00188,-0.00533,-0.00281,0.00000,0.00000,0.00000,
9953059072,-5.56225,-0.89614,80.71541,0.99997,-0.00260,0.00785,-0.00089,0.00000,0.00000,0.00000,
10056930816,-5.52671,-0.90012,81.17239,0.99974,-0.00338,0.02273,-0.00049,0.00000,0.00000,0.00000,
10160830720,-5.45324,-0.90126,81.63179,0.99923,-0.00410,0.03890,-0.00030,0.00000,0.00000,0.00000,
10264660992,-5.37812,-0.90744,82.07725,0.99832,-0.00458,0.05773,-0.00049,0.00000,0.00000,0.00000,
10368666880,-5.28263,-0.91988,82.50978,0.99690,-0.00482,0.07858,-0.00035,0.00000,0.00000,0.00000,
10472636160,-5.17307,-0.91495,82.94208,0.99483,-0.00494,0.10142,0.00005,0.00000,0.00000,0.00000,
10576631296,-5.03825,-0.92825,83.34302,0.99198,-0.00450,0.12630,-0.00045,0.00000,0.00000,0.00000,
10680620032,-4.89053,-0.93130,83.73127,0.98809,-0.00348,0.15383,-0.00104,0.00000,0.00000,0.00000,
10784609280,-4.71264,-0.93617,84.10038,0.98312,-0.00280,0.18296,-0.00108,0.00000,0.00000,0.00000,
10888745984,-4.51578,-0.93540,84.45458,0.97693,-0.00217,0.21353,-0.00132,0.00000,0.00000,0.00000,
10992716800,-4.29463,-0.93705,84.78095,0.96953,-0.00157,0.24498,-0.00143,0.00000,0.00000,0.00000,
11096589824,-4.05283,-0.93755,85.09078,0.96083,-0.00049,0.27713,-0.00042,0.00000,0.00000,0.00000,
11200568320,-3.79228,-0.94118,85.38612,0.95110,-0.00004,0.30887,-0.00017,0.00000,0.00000,0.00000,
11304313344,-3.50918,-0.94381,85.65212,0.94067,-0.00052,0.33932,0.00018,0.00000,0.00000,0.00000,
11408176384,-3.22545,-0.95437,85.90778,0.92914,-0.00237,0.36972,-0.00019,0.00000,0.00000,0.00000,
11511918336,-2.92230,-0.95969,86.12943,0.91697,-0.00285,0.39894,0.00004,0.00000,0.00000,0.00000,
11615534336,-2.60382,-0.96652,86.32783,0.90429,-0.00190,0.42691,0.00150,0.00000,0.00000,0.00000,
11719274240,-2.27238,-0.97124,86.51555,0.89120,-0.00049,0.45360,0.00366,0.00000,0.00000,0.00000,
11822766080,-1.93709,-0.97348,86.67368,0.87820,-0.00037,0.47829,0.00268,0.00000,0.00000,0.00000,
11926378496,-1.59905,-0.96917,86.82508,0.86473,-0.00053,0.50224,0.00073,0.00000,0.00000,0.00000,
12029996032,-1.25569,-0.96989,86.94876,0.85173,0.00015,0.52398,-0.00024,0.00000,0.00000,0.00000,
12133610496,-0.90331,-0.97342,87.05599,0.83923,0.00212,0.54377,0.00268,0.00000,0.00000,0.00000,
12237104384,-0.53792,-0.96904,87.14280,0.82733,0.00554,0.56160,0.00968,0.00000,0.00000,0.00000,
12340601344,-0.17010,-0.96663,87.23748,0.81656,0.00565,0.57711,0.01198,0.00000,0.00000,0.00000,
12444105984,0.20580,-0.97351,87.34666,0.80630,0.00572,0.59140,0.00980,0.00000,0.00000,0.00000,
12547671296,0.57419,-0.98968,87.45435,0.79648,0.00379,0.60464,0.00373,0.00000,0.00000,0.00000,
12651065088,0.95498,-0.99982,87.54221,0.78755,0.00357,0.61624,0.00093,0.00000,0.00000,0.00000,
12754688256,1.35237,-1.00634,87.61562,0.77929,0.00488,0.62664,0.00099,0.00000,0.00000,0.00000,
12858061312,1.74884,-1.01567,87.65927,0.77178,0.00804,0.63583,0.00305,0.00000,0.00000,0.00000,
12961673984,2.15482,-1.00858,87.69878,0.76523,0.01328,0.64361,0.00350,0.00000,0.00000,0.00000,
13065201152,2.57364,-1.00356,87.74128,0.75877,0.01643,0.65115,0.00188,0.00000,0.00000,0.00000,
13168769280,3.00863,-1.01150,87.79149,0.75305,0.01560,0.65778,0.00093,0.00000,0.00000,0.00000,
13272349952,3.46731,-1.02772,87.84437,0.74801,0.01315,0.66355,0.00180,0.00000,0.00000,0.00000,
13375877888,3.94207,-1.04079,87.88595,0.74327,0.01197,0.66887,0.00291,0.00000,0.00000,0.00000,
13479501824,4.43099,-1.05199,87.92349,0.73882,0.01186,0.67379,0.00466,0.00000,0.00000,0.00000,
13583106048,4.93223,-1.05935,87.95280,0.73490,0.01278,0.67803,0.00616,0.00000,0.00000,0.00000,
13686715392,5.45080,-1.06683,87.98082,0.73144,0.01414,0.68172,0.00708,0.00000,0.00000,0.00000,
13790340864,5.97610,-1.07210,88.00555,0.72873,0.01514,0.68459,0.00775,0.00000,0.00000,0.00000,
13893949696,6.52716,-1.08097,88.02917,0.72683,0.01588,0.68658,0.00830,0.00000,0.00000,0.00000,
13997666816,7.09088,-1.09083,88.05434,0.72487,0.01670,0.68864,0.00845,0.00000,0.00000,0.00000,
14101303552,7.66322,-1.10303,88.07093,0.72283,0.01725,0.69075,0.00870,0.00000,0.00000,0.00000,
14204920832,8.26601,-1.11730,88.09058,0.72130,0.01803,0.69232,0.00969,0.00000,0.00000,0.00000,
14308537088,8.89324,-1.13263,88.10750,0.72032,0.01860,0.69331,0.01054,0.00000,0.00000,0.00000,
14412272384,9.53922,-1.13706,88.12968,0.71924,0.01857,0.69443,0.01078,0.00000,0.00000,0.00000,
14515892224,10.19616,-1.14888,88.15280,0.71834,0.01900,0.69533,0.01179,0.00000,0.00000,0.00000,
14619677184,10.87170,-1.15745,88.16359,0.71811,0.02061,0.69549,0.01362,0.00000,0.00000,0.00000,
14723264512,11.55929,-1.17074,88.18258,0.71841,0.02162,0.69512,0.01491,0.00000,0.00000,0.00000,
14826864384,12.27603,-1.17814,88.21122,0.71917,0.02231,0.69430,0.01561,0.00000,0.00000,0.00000,
14930482944,13.00582,-1.17760,88.23593,0.72052,0.02312,0.69286,0.01614,0.00000,0.00000,0.00000,
15034096384,13.74584,-1.18864,88.27350,0.72197,0.02312,0.69134,0.01630,0.00000,0.00000,0.00000,
15137835520,14.50325,-1.20052,88.31846,0.72326,0.02308,0.68997,0.01732,0.00000,0.00000,0.00000,
15241450496,15.27502,-1.22071,88.34715,0.72478,0.02265,0.68836,0.01827,0.00000,0.00000,0.00000,
15345075200,16.05470,-1.24137,88.38743,0.72633,0.02057,0.68680,0.01789,0.00000,0.00000,0.00000,
15448807680,16.85657,-1.25057,88.43087,0.72784,0.02005,0.68522,0.01813,0.00000,0.00000,0.00000,
15552548864,17.65546,-1.26443,88.50156,0.72912,0.01939,0.68391,0.01684,0.00000,0.00000,0.00000,
15656166144,18.45582,-1.27859,88.55409,0.73027,0.02034,0.68270,0.01498,0.00000,0.00000,0.00000,
15759904000,19.27547,-1.29889,88.62858,0.73066,0.02011,0.68235,0.01117,0.00000,0.00000,0.00000,
15863640576,20.08829,-1.31306,88.69000,0.73056,0.02017,0.68250,0.00900,0.00000,0.00000,0.00000,
15967385344,20.89367,-1.32972,88.74528,0.73067,0.01920,0.68242,0.00814,0.00000,0.00000,0.00000,
16071018240,21.70784,-1.35243,88.80288,0.73078,0.01750,0.68235,0.00769,0.00000,0.00000,0.00000,
16174735616,22.52979,-1.38009,88.85922,0.73074,0.01708,0.68239,0.00825,0.00000,0.00000,0.00000,
16278450432,23.35688,-1.40027,88.91868,0.73098,0.01609,0.68216,0.00780,0.00000,0.00000,0.00000,
16382089984,24.18523,-1.42614,88.98774,0.73098,0.01556,0.68218,0.00714,0.00000,0.00000,0.00000,
16485710848,25.00199,-1.44385,89.04628,0.73114,0.01500,0.68204,0.00628,0.00000,0.00000,0.00000,
16589328128,25.82328,-1.46211,89.10932,0.73084,0.01447,0.68238,0.00482,0.00000,0.00000,0.00000,
16693088256,26.62963,-1.48251,89.16028,0.73000,0.01315,0.68331,0.00409,0.00000,0.00000,0.00000,
16796683520,27.43599,-1.50755,89.21323,0.72872,0.01155,0.68470,0.00384,0.00000,0.00000,0.00000,
16900425472,28.23819,-1.52421,89.25607,0.72721,0.01026,0.68633,0.00439,0.00000,0.00000,0.00000,
17004187904,29.04762,-1.54578,89.30571,0.72503,0.00866,0.68865,0.00454,0.00000,0.00000,0.00000,
17107901184,29.85937,-1.56659,89.35047,0.72241,0.00841,0.69140,0.00433,0.00000,0.00000,0.00000,
17211646464,30.66904,-1.58044,89.38150,0.71932,0.00856,0.69461,0.00372,0.00000,0.00000,0.00000,
17315388672,31.46420,-1.59882,89.39348,0.71596,0.00884,0.69808,0.00382,0.00000,0.00000,0.00000,
17419151360,32.26392,-1.61251,89.40774,0.71224,0.00887,0.70186,0.00462,0.00000,0.00000,0.00000,
17522868224,33.07237,-1.62383,89.41633,0.70846,0.00838,0.70569,0.00479,0.00000,0.00000,0.00000,
17626482688,33.86192,-1.63545,89.41621,0.70444,0.00855,0.70969,0.00557,0.00000,0.00000,0.00000,
17730216192,34.64981,-1.65128,89.40938,0.70048,0.00841,0.71360,0.00534,0.00000,0.00000,0.00000,
17833837312,35.43788,-1.67197,89.39400,0.69643,0.00845,0.71755,0.00528,0.00000,0.00000,0.00000,
17937455360,36.23076,-1.69315,89.38454,0.69247,0.00900,0.72138,0.00522,0.00000,0.00000,0.00000,
18041195008,37.00384,-1.70013,89.35045,0.68867,0.00953,0.72499,0.00498,0.00000,0.00000,0.00000,
18144824320,37.77970,-1.70202,89.29946,0.68527,0.00984,0.72821,0.00451,0.00000,0.00000,0.00000,
18248546304,38.53782,-1.72547,89.25026,0.68166,0.01013,0.73158,0.00480,0.00000,0.00000,0.00000,
18352165888,39.29198,-1.74534,89.19124,0.67827,0.01049,0.73472,0.00513,0.00000,0.00000,0.00000,
18455930880,40.02184,-1.76091,89.11864,0.67518,0.01061,0.73755,0.00584,0.00000,0.00000,0.00000,
18559574528,40.75096,-1.77562,89.03855,0.67258,0.01084,0.73991,0.00701,0.00000,0.00000,0.00000,
18663260160,41.46676,-1.78783,88.95040,0.67078,0.01141,0.74151,0.00888,0.00000,0.00000,0.00000,
18766878208,42.18689,-1.78887,88.87491,0.66928,0.01200,0.74284,0.01047,0.00000,0.00000,0.00000,
18870493952,42.88412,-1.80058,88.78730,0.66839,0.01210,0.74363,0.01152,0.00000,0.00000,0.00000,
18974110720,43.58342,-1.81621,88.71560,0.66767,0.01192,0.74427,0.01214,0.00000,0.00000,0.00000,
19077724928,44.25437,-1.83002,88.63219,0.66759,0.01243,0.74432,0.01264,0.00000,0.00000,0.00000,
19181414656,44.92164,-1.84173,88.56269,0.66788,0.01307,0.74405,0.01258,0.00000,0.00000,0.00000,
19285024000,45.56666,-1.84863,88.49502,0.66898,0.01395,0.74305,0.01214,0.00000,0.00000,0.00000,
19388680192,46.16813,-1.86138,88.43651,0.67091,0.01406,0.74131,0.01197,0.00000,0.00000,0.00000,
19492243968,46.76063,-1.87814,88.38347,0.67393,0.01391,0.73858,0.01136,0.00000,0.00000,0.00000,
19595803648,47.33021,-1.88289,88.34178,0.67806,0.01395,0.73479,0.01098,0.00000,0.00000,0.00000,
19699414784,47.88711,-1.88519,88.32012,0.68309,0.01438,0.73011,0.01076,0.00000,0.00000,0.00000,
19802907392,48.42302,-1.90440,88.30612,0.68931,0.01439,0.72425,0.00971,0.00000,0.00000,0.00000,
19906522880,48.94608,-1.91954,88.29886,0.69708,0.01486,0.71679,0.00810,0.00000,0.00000,0.00000,
20010015232,49.45939,-1.93944,88.30785,0.70595,0.01535,0.70806,0.00633,0.00000,0.00000,0.00000,
20113500416,49.99050,-1.95303,88.34284,0.71596,0.01587,0.69794,0.00525,0.00000,0.00000,0.00000,
20217139456,50.49094,-1.96469,88.39838,0.72739,0.01552,0.68603,0.00477,0.00000,0.00000,0.00000,
20320611584,51.00356,-1.96821,88.47030,0.74037,0.01520,0.67201,0.00543,0.00000,0.00000,0.00000,
20424098048,51.49176,-1.99256,88.57060,0.75438,0.01332,0.65627,0.00605,0.00000,0.00000,0.00000,
20527467008,51.97199,-2.02135,88.69458,0.76922,0.01072,0.63886,0.00678,0.00000,0.00000,0.00000,
20630958336,52.44854,-2.03644,88.84466,0.78485,0.00841,0.61959,0.00664,0.00000,0.00000,0.00000,
20734443520,52.90912,-2.05712,89.01855,0.80110,0.00636,0.59847,0.00605,0.00000,0.00000,0.00000,
20837960448,53.35054,-2.06895,89.20849,0.81809,0.00610,0.57503,0.00591,0.00000,0.00000,0.00000,
20941510144,53.77997,-2.08593,89.42594,0.83557,0.00765,0.54929,0.00673,0.00000,0.00000,0.00000,
21045023488,54.18748,-2.08591,89.67618,0.85294,0.01050,0.52188,0.00535,0.00000,0.00000,0.00000,
21148367616,54.57786,-2.09133,89.95473,0.86995,0.01409,0.49292,0.00477,0.00000,0.00000,0.00000,
21251898112,54.92670,-2.10031,90.26394,0.88614,0.01573,0.46315,0.00242,0.00000,0.00000,0.00000,
21355441152,55.26263,-2.10007,90.59150,0.90155,0.01674,0.43234,-0.00011,0.00000,0.00000,0.00000,
21459001600,55.56227,-2.10949,90.93224,0.91585,0.01800,0.40112,-0.00112,0.00000,0.00000,0.00000,
21562720768,55.86814,-2.14193,91.28988,0.92921,0.01808,0.36910,0.00126,0.00000,0.00000,0.00000,
21666360576,56.12719,-2.17116,91.68421,0.94105,0.01515,0.33792,0.00153,0.00000,0.00000,0.00000,
21770101760,56.36657,-2.19244,92.10073,0.95179,0.01206,0.30651,0.00286,0.00000,0.00000,0.00000,
21873945088,56.58212,-2.20019,92.52594,0.96138,0.00937,0.27505,0.00271,0.00000,0.00000,0.00000,
21977707264,56.78247,-2.23863,92.96449,0.96955,0.00543,0.24477,0.00469,0.00000,0.00000,0.00000,
22081444352,56.94235,-2.23565,93.41784,0.97614,0.00302,0.21712,0.00310,0.00000,0.00000,0.00000,
22185310464,57.10219,-2.24491,93.87602,0.98138,0.00099,0.19207,0.00158,0.00000,0.00000,0.00000,
22289174784,57.23364,-2.24642,94.34914,0.98522,-0.00030,0.17130,-0.00210,0.00000,0.00000,0.00000,
22393171712,57.35026,-2.24622,94.81029,0.98818,0.00049,0.15322,-0.00411,0.00000,0.00000,0.00000,
22497156608,57.46956,-2.23656,95.29332,0.99048,0.00084,0.13753,-0.00517,0.00000,0.00000,0.00000,
22601291264,57.58585,-2.23512,95.77720,0.99198,0.00149,0.12638,-0.00261,0.00000,0.00000,0.00000,
22705509632,57.70285,-2.25452,96.25114,0.99297,0.00149,0.11836,-0.00064,0.00000,0.00000,0.00000,
22809643776,57.79814,-2.26324,96.75207,0.99370,0.00150,0.11204,-0.00298,0.00000,0.00000,0.00000,
22913664256,57.90441,-2.27375,97.23874,0.99425,0.00098,0.10698,-0.00486,0.00000,0.00000,0.00000,
23017606912,58.00477,-2.27653,97.75250,0.99455,0.00132,0.10385,-0.00886,0.00000,0.00000,0.00000,
23121721856,58.09845,-2.28043,98.28515,0.99467,0.00298,0.10250,-0.01128,0.00000,0.00000,0.00000,
23225714176,58.19084,-2.28841,98.83512,0.99468,0.00443,0.10227,-0.01152,0.00000,0.00000,0.00000,
23329703936,58.30651,-2.29407,99.39666,0.99454,0.00643,0.10366,-0.01052,0.00000,0.00000,0.00000,
23433595648,58.43320,-2.29825,99.97343,0.99430,0.00992,0.10573,-0.00938,0.00000,0.00000,0.00000,
23537560576,58.53411,-2.31863,100.53812,0.99402,0.01195,0.10814,-0.00936,0.00000,0.00000,0.00000,
23641429248,58.65284,-2.33299,101.11566,0.99375,0.01145,0.11038,-0.01177,0.00000,0.00000,0.00000,
23745189888,58.77485,-2.35205,101.72613,0.99344,0.00913,0.11329,-0.01277,0.00000,0.00000,0.00000,
23848988416,58.92148,-2.37216,102.33335,0.99320,0.00683,0.11563,-0.01160,0.00000,0.00000,0.00000,
23952649216,59.07818,-2.38648,102.96344,0.99302,0.00421,0.11747,-0.00969,0.00000,0.00000,0.00000,
24056418048,59.22765,-2.39811,103.57517,0.99280,0.00185,0.11943,-0.00861,0.00000,0.00000,0.00000,
24160006912,59.38349,-2.40480,104.22506,0.99262,0.00180,0.12107,-0.00671,0.00000,0.00000,0.00000,
24263955200,59.54515,-2.42049,104.84614,0.99261,0.00351,0.12123,-0.00468,0.00000,0.00000,0.00000,
24367266048,59.70807,-2.43576,105.49507,0.99262,0.00698,0.12103,-0.00404,0.00000,0.00000,0.00000,
24471003392,59.86258,-2.45081,106.13648,0.99261,0.01004,0.12082,-0.00496,0.00000,0.00000,0.00000,
24574560000,60.02898,-2.46175,106.81071,0.99276,0.01184,0.11940,-0.00621,0.00000,0.00000,0.00000,
24678104320,60.19047,-2.47321,107.49140,0.99294,0.00985,0.11810,-0.00536,0.00000,0.00000,0.00000,
24781826304,60.36388,-2.49134,108.18768,0.99307,0.00622,0.11728,-0.00398,0.00000,0.00000,0.00000,
24885473536,60.53356,-2.50495,108.88986,0.99327,0.00319,0.11569,-0.00411,0.00000,0.00000,0.00000,
24989127168,60.69104,-2.51918,109.60748,0.99337,0.00313,0.11481,-0.00576,0.00000,0.00000,0.00000,
25092666624,60.84704,-2.53297,110.34483,0.99344,0.00528,0.11395,-0.00806,0.00000,0.00000,0.00000,
25196321024,61.00929,-2.54402,111.09433,0.99363,0.00803,0.11214,-0.00824,0.00000,0.00000,0.00000,
25299895296,61.17183,-2.56696,111.84446,0.99384,0.00950,0.11019,-0.00700,0.00000,0.00000,0.00000,
25403639808,61.34619,-2.59221,112.59596,0.99409,0.00878,0.10807,-0.00603,0.00000,0.00000,0.00000,
25507254528,61.51852,-2.60817,113.38575,0.99430,0.00801,0.10626,-0.00434,0.00000,0.00000,0.00000,
25610877184,61.67945,-2.62350,114.17690,0.99440,0.00685,0.10543,-0.00377,0.00000,0.00000,0.00000,
25714631936,61.85430,-2.63838,114.98142,0.99449,0.00587,0.10463,-0.00187,0.00000,0.00000,0.00000,
25818221568,62.02909,-2.64369,115.78077,0.99452,0.00580,0.10441,0.00090,0.00000,0.00000,0.00000,
25921982976,62.19254,-2.65907,116.60431,0.99454,0.00490,0.10424,0.00008,0.00000,0.00000,0.00000,
26025683456,62.35754,-2.68118,117.41145,0.99452,0.00553,0.10441,-0.00267,0.00000,0.00000,0.00000,
26129229824,62.51694,-2.69524,118.22594,0.99445,0.00696,0.10485,-0.00555,0.00000,0.00000,0.00000,
26232991488,62.67753,-2.71534,119.04247,0.99435,0.00727,0.10543,-0.01022,0.00000,0.00000,0.00000,
26336549120,62.84214,-2.74088,119.87641,0.99416,0.00654,0.10694,-0.01325,0.00000,0.00000,0.00000,
26440343808,63.01422,-2.76186,120.72624,0.99400,0.00544,0.10835,-0.01427,0.00000,0.00000,0.00000,
26544052736,63.18962,-2.79267,121.55398,0.99383,0.00552,0.10976,-0.01478,0.00000,0.00000,0.00000,
26647670016,63.37161,-2.81649,122.39628,0.99372,0.00691,0.11079,-0.01394,0.00000,0.00000,0.00000,
26751261696,63.56294,-2.84245,123.22726,0.99368,0.00650,0.11152,-0.01102,0.00000,0.00000,0.00000,
26854884608,63.76517,-2.87101,124.07911,0.99369,0.00759,0.11162,-0.00730,0.00000,0.00000,0.00000,
26958495488,63.97139,-2.89404,124.90620,0.99366,0.00774,0.11196,-0.00684,0.00000,0.00000,0.00000,
27062234112,64.15792,-2.91196,125.75368,0.99354,0.00595,0.11304,-0.00847,0.00000,0.00000,0.00000,
27165871872,64.34028,-2.92354,126.57655,0.99348,0.00313,0.11360,-0.00940,0.00000,0.00000,0.00000,
27269465600,64.54284,-2.93515,127.41890,0.99343,0.00076,0.11381,-0.01158,0.00000,0.00000,0.00000,
27373231872,64.73336,-2.95451,128.25525,0.99335,0.00408,0.11452,-0.01083,0.00000,0.00000,0.00000,
27476868608,64.93401,-2.98963,129.08865,0.99332,0.01129,0.11454,-0.00808,0.00000,0.00000,0.00000,
27580437504,65.13494,-3.01756,129.90875,0.99329,0.01598,0.11432,-0.00640,0.00000,0.00000,0.00000,
27684073472,65.34508,-3.03085,130.75500,0.99347,0.01195,0.11339,-0.00487,0.00000,0.00000,0.00000,
27787704576,65.53996,-3.05783,131.61946,0.99362,0.00171,0.11274,-0.00279,0.00000,0.00000,0.00000,
27891282432,65.73172,-3.09317,132.47570,0.99368,-0.00619,0.11204,-0.00161,0.00000,0.00000,0.00000,
27995096576,65.90223,-3.10335,133.27618,0.99372,-0.00354,0.11178,-0.00407,0.00000,0.00000,0.00000,
28098652928,66.07360,-3.12409,134.06897,0.99380,0.00395,0.11086,-0.00769,0.00000,0.00000,0.00000,
28202277888,66.23946,-3.14433,134.88458,0.99381,0.00772,0.11057,-0.00739,0.00000,0.00000,0.00000,
28305871360,66.41688,-3.17344,135.70901,0.99392,0.00828,0.10965,-0.00535,0.00000,0.00000,0.00000,
28409632768,66.57816,-3.19282,136.53121,0.99407,0.00754,0.10839,-0.00496,0.00000,0.00000,0.00000,
28513228288,66.74396,-3.21923,137.33923,0.99425,0.00816,0.10668,-0.00503,0.00000,0.00000,0.00000,
28616843008,66.89353,-3.23754,138.11574,0.99449,0.00906,0.10428,-0.00497,0.00000,0.00000,0.00000,
28722280448,67.04151,-3.26207,138.91607,0.99462,0.00890,0.10296,-0.00746,0.00000,0.00000,0.00000,
28824223232,67.18898,-3.27768,139.70902,0.99470,0.00897,0.10193,-0.01036,0.00000,0.00000,0.00000,
28927942144,67.34593,-3.30575,140.50254,0.99480,0.00784,0.10092,-0.01131,0.00000,0.00000,0.00000,
29031560704,67.49094,-3.32505,141.25245,0.99488,0.00557,0.10036,-0.01060,0.00000,0.00000,0.00000,
29135302656,67.64388,-3.35057,142.03724,0.99496,0.00562,0.09965,-0.01009,0.00000,0.00000,0.00000,
29238912512,67.81516,-3.37220,142.83261,0.99510,0.00735,0.09824,-0.00896,0.00000,0.00000,0.00000,
29342531072,67.95021,-3.39563,143.58334,0.99531,0.00948,0.09611,-0.00643,0.00000,0.00000,0.00000,
29446144768,68.09862,-3.41622,144.36116,0.99561,0.01015,0.09293,-0.00519,0.00000,0.00000,0.00000,
29549758464,68.23773,-3.43209,145.17258,0.99592,0.00773,0.08979,-0.00412,0.00000,0.00000,0.00000,
29653423872,68.36284,-3.44829,145.98172,0.99621,0.00363,0.08689,-0.00325,0.00000,0.00000,0.00000,
29757122560,68.50873,-3.46829,146.78403,0.99639,-0.00103,0.08485,-0.00248,0.00000,0.00000,0.00000,
29860881664,68.59735,-3.46857,147.59126,0.99651,-0.00237,0.08323,-0.00573,0.00000,0.00000,0.00000,
29964619008,68.73886,-3.48913,148.37783,0.99674,-0.00025,0.08043,-0.00695,0.00000,0.00000,0.00000,
30068211200,68.86667,-3.50223,149.16199,0.99703,0.00483,0.07654,-0.00697,0.00000,0.00000,0.00000,
30171997952,68.98630,-3.51097,149.95572,0.99727,0.00786,0.07331,-0.00485,0.00000,0.00000,0.00000,
30275697664,69.09251,-3.52937,150.74590,0.99751,0.00739,0.06999,-0.00444,0.00000,0.00000,0.00000,
30379313664,69.19118,-3.55666,151.56236,0.99777,0.00540,0.06602,-0.00784,0.00000,0.00000,0.00000,
30483052032,69.26588,-3.57386,152.36984,0.99799,0.00626,0.06223,-0.01039,0.00000,0.00000,0.00000,
30586668800,69.35377,-3.59484,153.19053,0.99826,0.00916,0.05715,-0.01153,0.00000,0.00000,0.00000,
30690403840,69.44270,-3.61601,154.00032,0.99849,0.01041,0.05275,-0.01085,0.00000,0.00000,0.00000,
30794046976,69.50897,-3.63324,154.82692,0.99870,0.00919,0.04883,-0.01109,0.00000,0.00000,0.00000,
30897639168,69.57323,-3.65560,155.65346,0.99890,0.00567,0.04487,-0.01249,0.00000,0.00000,0.00000,
31001375488,69.63231,-3.67385,156.49513,0.99908,0.00281,0.04055,-0.01394,0.00000,0.00000,0.00000,
31105011968,69.69435,-3.68471,157.33556,0.99925,0.00132,0.03658,-0.01288,0.00000,0.00000,0.00000,
31208609792,69.75061,-3.69650,158.16260,0.99937,0.00038,0.03322,-0.01276,0.00000,0.00000,0.00000,
31312354048,69.80255,-3.71151,158.98218,0.99945,0.00132,0.03096,-0.01168,0.00000,0.00000,0.00000,
31416204032,69.84648,-3.73027,159.78742,0.99948,0.00405,0.02866,-0.01396,0.00000,0.00000,0.00000,
31520062208,69.88151,-3.75460,160.59347,0.99947,0.00723,0.02676,-0.01706,0.00000,0.00000,0.00000,
31623420416,69.91185,-3.77236,161.41858,0.99949,0.00849,0.02527,-0.01763,0.00000,0.00000,0.00000,
31726944512,69.95256,-3.79945,162.25199,0.99954,0.00535,0.02349,-0.01854,0.00000,0.00000,0.00000,
31830693632,69.97282,-3.80354,163.10755,0.99956,0.00031,0.02245,-0.01930,0.00000,0.00000,0.00000,
31934295808,69.99395,-3.81863,163.95431,0.99957,-0.00331,0.02092,-0.02024,0.00000,0.00000,0.00000,
32038035456,70.00552,-3.81413,164.80114,0.99966,-0.00120,0.01863,-0.01811,0.00000,0.00000,0.00000,
32141645568,70.03853,-3.82969,165.63157,0.99979,0.00388,0.01596,-0.01224,0.00000,0.00000,0.00000,
32245262592,70.07172,-3.84251,166.43810,0.99984,0.00630,0.01215,-0.01116,0.00000,0.00000,0.00000,
32348876544,70.07653,-3.85630,167.26747,0.99986,0.00568,0.00881,-0.01337,0.00000,0.00000,0.00000,
32452660224,70.07305,-3.87621,168.10770,0.99991,0.00267,0.00513,-0.01199,0.00000,0.00000,0.00000,
32556238080,70.06183,-3.89380,168.94939,0.99996,0.00093,0.00159,-0.00925,0.00000,0.00000,0.00000,
32659979008,70.05412,-3.89407,169.79054,0.99999,-0.00102,-0.00114,-0.00495,0.00000,0.00000,0.00000,
32763728896,70.04699,-3.90794,170.62888,0.99999,-0.00097,-0.00438,-0.00289,0.00000,0.00000,0.00000,
32867472128,70.03305,-3.92162,171.45845,0.99997,0.00250,-0.00753,-0.00100,0.00000,0.00000,0.00000,
32971198720,70.01311,-3.93254,172.29015,0.99990,0.00762,-0.01116,0.00400,0.00000,0.00000,0.00000,
33074832896,70.00990,-3.94578,173.10730,0.99981,0.00961,-0.01450,0.00931,0.00000,0.00000,0.00000,
33178564608,69.95943,-3.97033,173.96376,0.99980,0.00582,-0.01759,0.00718,0.00000,0.00000,0.00000,
33282313728,69.89828,-3.98436,174.81416,0.99979,-0.00065,-0.02028,0.00264,0.00000,0.00000,0.00000,
33386032384,69.84605,-3.99778,175.66808,0.99973,-0.00440,-0.02269,0.00025,0.00000,0.00000,0.00000,
33489775360,69.80397,-4.00374,176.50921,0.99969,-0.00279,-0.02463,0.00037,0.00000,0.00000,0.00000,
33593558016,69.75423,-4.01034,177.34843,0.99967,0.00263,-0.02565,-0.00052,0.00000,0.00000,0.00000,
33697133824,69.66904,-4.01694,178.18323,0.99960,0.00757,-0.02663,-0.00590,0.00000,0.00000,0.00000,
33800872448,69.61183,-4.03363,179.02593,0.99956,0.00928,-0.02762,-0.00514,0.00000,0.00000,0.00000,
33904614656,69.57270,-4.04743,179.87247,0.99955,0.00690,-0.02895,-0.00238,0.00000,0.00000,0.00000,
34008348416,69.52804,-4.07031,180.71886,0.99958,0.00233,-0.02890,-0.00218,0.00000,0.00000,0.00000,
34112091648,69.47121,-4.08600,181.56995,0.99958,-0.00035,-0.02880,-0.00260,0.00000,0.00000,0.00000,
34215835904,69.42500,-4.09941,182.41853,0.99955,0.00008,-0.02975,-0.00266,0.00000,0.00000,0.00000,
34319571968,69.37283,-4.11488,183.26986,0.99951,0.00480,-0.03080,-0.00097,0.00000,0.00000,0.00000,
34423337216,69.33525,-4.13012,184.10789,0.99943,0.01047,-0.03198,0.00405,0.00000,0.00000,0.00000,
34526936832,69.28139,-4.15508,184.96586,0.99935,0.01224,-0.03273,0.00927,0.00000,0.00000,0.00000,
34630672128,69.21631,-4.17952,185.82683,0.99937,0.01006,-0.03318,0.00791,0.00000,0.00000,0.00000,
34734298368,69.14149,-4.20084,186.68468,0.99940,0.00488,-0.03383,0.00529,0.00000,0.00000,0.00000,
34837901056,69.07844,-4.22918,187.53754,0.99938,0.00300,-0.03470,0.00476,0.00000,0.00000,0.00000,
34941517824,69.01727,-4.24447,188.37579,0.99936,0.00500,-0.03513,0.00548,0.00000,0.00000,0.00000,
35045260800,68.94738,-4.26143,189.20894,0.99934,0.00813,-0.03486,0.00559,0.00000,0.00000,0.00000,
35148872960,68.87102,-4.28093,190.04767,0.99935,0.00856,-0.03492,0.00210,0.00000,0.00000,0.00000,
35252510464,68.79619,-4.30669,190.88858,0.99936,0.00694,-0.03505,0.00072,0.00000,0.00000,0.00000,
35356227840,68.71556,-4.33744,191.72795,0.99936,0.00526,-0.03527,-0.00086,0.00000,0.00000,0.00000,
35459849472,68.64546,-4.35288,192.56140,0.99937,0.00385,-0.03527,-0.00218,0.00000,0.00000,0.00000,
35563624448,68.57282,-4.37716,193.38360,0.99935,0.00386,-0.03564,-0.00392,0.00000,0.00000,0.00000,
35667203072,68.52961,-4.40191,194.19868,0.99932,0.00549,-0.03621,-0.00314,0.00000,0.00000,0.00000,
35770941440,68.46137,-4.41914,194.99273,0.99929,0.00822,-0.03664,-0.00416,0.00000,0.00000,0.00000,
35874680832,68.39246,-4.43682,195.79132,0.99926,0.00814,-0.03724,-0.00468,0.00000,0.00000,0.00000,
35978304256,68.32800,-4.45219,196.59434,0.99924,0.00338,-0.03842,-0.00472,0.00000,0.00000,0.00000,
36082079744,68.27565,-4.46780,197.38998,0.99922,-0.00121,-0.03938,-0.00374,0.00000,0.00000,0.00000,
36185781248,68.21853,-4.49285,198.15541,0.99921,-0.00240,-0.03961,-0.00050,0.00000,0.00000,0.00000,
36289497856,68.15704,-4.50745,198.90710,0.99920,0.00089,-0.03988,0.00008,0.00000,0.00000,0.00000,
36393219584,68.10427,-4.52276,199.64112,0.99921,0.00343,-0.03968,-0.00057,0.00000,0.00000,0.00000,
36496877568,68.05416,-4.54274,200.34808,0.99921,0.00625,-0.03922,-0.00039,0.00000,0.00000,0.00000,
36600490240,68.00017,-4.56410,201.05407,0.99921,0.00788,-0.03893,0.00103,0.00000,0.00000,0.00000,
36704356096,67.95862,-4.58188,201.74164,0.99924,0.01020,-0.03763,0.00275,0.00000,0.00000,0.00000,
36807990016,67.92285,-4.59740,202.41937,0.99931,0.01085,-0.03536,0.00353,0.00000,0.00000,0.00000,
36911767296,67.87769,-4.62056,203.10242,0.99942,0.00838,-0.03282,0.00260,0.00000,0.00000,0.00000,
37015476992,67.82583,-4.65004,203.79464,0.99956,0.00363,-0.02952,0.00055,0.00000,0.00000,0.00000,
37119060736,67.78083,-4.65935,204.46562,0.99965,0.00165,-0.02645,-0.00252,0.00000,0.00000,0.00000,
37222807552,67.75522,-4.68484,205.10139,0.99972,0.00221,-0.02351,-0.00295,0.00000,0.00000,0.00000,
37326425344,67.73608,-4.70383,205.72412,0.99978,0.00607,-0.02001,-0.00212,0.00000,0.00000,0.00000,
37430160384,67.70988,-4.72405,206.38307,0.99981,0.01042,-0.01614,-0.00254,0.00000,0.00000,0.00000,
37533778176,67.69019,-4.74084,207.02492,0.99983,0.01296,-0.01254,-0.00387,0.00000,0.00000,0.00000,
37637389568,67.68263,-4.76210,207.67965,0.99988,0.01222,-0.00890,-0.00360,0.00000,0.00000,0.00000,
37741029376,67.67168,-4.77973,208.34452,0.99994,0.00956,-0.00585,-0.00163,0.00000,0.00000,0.00000,
37844748288,67.67945,-4.80817,209.00600,0.99997,0.00641,-0.00289,0.00199,0.00000,0.00000,0.00000,
37948363264,67.69315,-4.82874,209.65290,0.99997,0.00564,-0.00018,0.00476,0.00000,0.00000,0.00000,
38052314624,67.68897,-4.84823,210.29578,0.99998,0.00510,0.00159,0.00403,0.00000,0.00000,0.00000,
38155721728,67.68843,-4.85964,210.94285,0.99999,0.00441,0.00197,0.00230,0.00000,0.00000,0.00000,
38259672576,67.67814,-4.87515,211.59392,0.99999,0.00321,0.00191,0.00214,0.00000,0.00000,0.00000,
38362943744,67.67672,-4.89056,212.24012,0.99999,0.00176,0.00149,0.00233,0.00000,0.00000,0.00000,
38466568448,67.68151,-4.90065,212.88234,1.00000,0.00081,0.00137,0.00150,0.00000,0.00000,0.00000,
38570225664,67.67200,-4.91513,213.53696,0.99999,0.00326,0.00126,-0.00253,0.00000,0.00000,0.00000,
38673806080,67.65855,-4.93060,214.18060,0.99996,0.00761,0.00080,-0.00471,0.00000,0.00000,0.00000,
38777462016,67.65425,-4.95057,214.82092,0.99992,0.01180,-0.00024,-0.00383,0.00000,0.00000,0.00000,
38881056768,67.63896,-4.95500,215.47932,0.99990,0.01429,-0.00187,-0.00079,0.00000,0.00000,0.00000,
38984723712,67.62608,-4.96977,216.15795,0.99993,0.01137,-0.00392,-0.00183,0.00000,0.00000,0.00000,
39088295680,67.59518,-4.98495,216.83756,0.99996,0.00540,-0.00557,-0.00526,0.00000,0.00000,0.00000,
39192020736,67.58791,-4.99966,217.52241,0.99996,-0.00175,-0.00799,-0.00260,0.00000,0.00000,0.00000,
39295724800,67.58624,-5.01373,218.20663,0.99992,-0.00654,-0.01034,0.00095,0.00000,0.00000,0.00000,
39399323648,67.56831,-5.01908,218.87933,0.99991,-0.00556,-0.01167,0.00187,0.00000,0.00000,0.00000,
39502981888,67.54047,-5.01884,219.56008,0.99991,-0.00225,-0.01301,-0.00005,0.00000,0.00000,0.00000,
39606728448,67.51265,-5.01793,220.24143,0.99989,0.00237,-0.01481,0.00057,0.00000,0.00000,0.00000,
39710391552,67.49907,-5.02093,220.92924,0.99985,0.00468,-0.01590,0.00486,0.00000,0.00000,0.00000,
39814160896,67.48723,-5.02655,221.63351,0.99982,0.00214,-0.01644,0.00884,0.00000,0.00000,0.00000,
39917807616,67.46940,-5.03641,222.33369,0.99978,0.00004,-0.01729,0.01229,0.00000,0.00000,0.00000,
40021438208,67.44753,-5.04941,223.03952,0.99974,-0.00137,-0.01803,0.01363,0.00000,0.00000,0.00000,
40125180928,67.42533,-5.05716,223.73063,0.99972,0.00013,-0.01868,0.01463,0.00000,0.00000,0.00000,
40228961024,67.40398,-5.06770,224.42927,0.99966,0.00245,-0.01911,0.01746,0.00000,0.00000,0.00000,
40332558080,67.39240,-5.07923,225.11513,0.99957,0.00285,-0.01957,0.02184,0.00000,0.00000,0.00000,
40436274688,67.36533,-5.09095,225.81767,0.99954,0.00132,-0.02003,0.02254,0.00000,0.00000,0.00000,
40540001280,67.33629,-5.10468,226.51653,0.99953,-0.00088,-0.02039,0.02303,0.00000,0.00000,0.00000,
40643621376,67.30095,-5.11699,227.21356,0.99950,-0.00235,-0.02068,0.02362,0.00000,0.00000,0.00000,
40747353600,67.26721,-5.12342,227.90435,0.99948,-0.00120,-0.02081,0.02470,0.00000,0.00000,0.00000,
40850976256,67.23877,-5.12585,228.58553,0.99945,0.00251,-0.02061,0.02587,0.00000,0.00000,0.00000,
40954724608,67.21196,-5.13863,229.25400,0.99941,0.00735,-0.02064,0.02627,0.00000,0.00000,0.00000,
41058452992,67.17831,-5.14536,229.93006,0.99942,0.01021,-0.02047,0.02541,0.00000,0.00000,0.00000,
41162092800,67.15541,-5.16209,230.59624,0.99946,0.00965,-0.02053,0.02394,0.00000,0.00000,0.00000,
41265813248,67.13156,-5.17131,231.27050,0.99945,0.00652,-0.02068,0.02523,0.00000,0.00000,0.00000,
41370355200,67.11913,-5.19346,231.94073,0.99941,0.00242,-0.02138,0.02681,0.00000,0.00000,0.00000,
41473271040,67.11237,-5.20998,232.56999,0.99940,-0.00013,-0.02191,0.02700,0.00000,0.00000,0.00000,
41576785664,67.07469,-5.22440,233.17476,0.99940,-0.00174,-0.02208,0.02660,0.00000,0.00000,0.00000,
41680524288,67.06092,-5.22913,233.75174,0.99932,-0.00315,-0.02363,0.02798,0.00000,0.00000,0.00000,
41784256768,67.04653,-5.23972,234.32587,0.99916,-0.00297,-0.02638,0.03116,0.00000,0.00000,0.00000,
41887675648,67.01881,-5.25108,234.88099,0.99897,-0.00200,-0.03049,0.03343,0.00000,0.00000,0.00000,
41991400448,66.97018,-5.26499,235.42263,0.99875,-0.00013,-0.03575,0.03486,0.00000,0.00000,0.00000,
42094801664,66.92229,-5.27925,235.95462,0.99846,0.00179,-0.04293,0.03523,0.00000,0.00000,0.00000,
42198261504,66.86163,-5.28875,236.46293,0.99798,0.00309,-0.05248,0.03576,0.00000,0.00000,0.00000,
42301838592,66.79351,-5.30127,236.96449,0.99727,0.00262,-0.06355,0.03763,0.00000,0.00000,0.00000,
42405334272,66.69493,-5.31936,237.47462,0.99646,0.00149,-0.07584,0.03625,0.00000,0.00000,0.00000,
42508846336,66.59141,-5.32927,237.96707,0.99528,0.00041,-0.09001,0.03639,0.00000,0.00000,0.00000,
42612351744,66.47154,-5.35038,238.43404,0.99365,0.00051,-0.10610,0.03740,0.00000,0.00000,0.00000,
42715820800,66.32811,-5.37230,238.87672,0.99164,0.00240,-0.12402,0.03567,0.00000,0.00000,0.00000,
42819315712,66.16586,-5.38640,239.31998,0.98898,0.00522,-0.14417,0.03340,0.00000,0.00000,0.00000,
42922651904,65.98353,-5.40082,239.73425,0.98561,0.00733,-0.16597,0.03134,0.00000,0.00000,0.00000,
43026190592,65.81516,-5.43537,240.10728,0.98149,0.00821,-0.18936,0.02739,0.00000,0.00000,0.00000,
43129645312,65.59702,-5.46334,240.50092,0.97654,0.00984,-0.21406,0.02144,0.00000,0.00000,0.00000,
43233028608,65.34067,-5.48872,240.86242,0.97075,0.01197,-0.23935,0.01444,0.00000,0.00000,0.00000,
43336524544,65.07560,-5.50746,241.21077,0.96387,0.01331,-0.26594,0.00799,0.00000,0.00000,0.00000,
43440047360,64.80011,-5.52388,241.53611,0.95583,0.01397,-0.29356,0.00287,0.00000,0.00000,0.00000,
43543497984,64.52120,-5.52969,241.83751,0.94670,0.01410,-0.32181,-0.00090,0.00000,0.00000,0.00000,
43647148032,64.20528,-5.54117,242.13212,0.93689,0.01153,-0.34942,-0.00448,0.00000,0.00000,0.00000,
43750709760,63.87206,-5.54682,242.40803,0.92646,0.00698,-0.37622,-0.00927,0.00000,0.00000,0.00000,
43854354176,63.53226,-5.55151,242.65558,0.91542,0.00324,-0.40223,-0.01440,0.00000,0.00000,0.00000,
43957964288,63.18054,-5.54440,242.89424,0.90358,0.00137,-0.42805,-0.01783,0.00000,0.00000,0.00000,
44061678592,62.82068,-5.56281,243.09608,0.89134,-0.00063,-0.45290,-0.01990,0.00000,0.00000,0.00000,
44165415680,62.45424,-5.56469,243.26845,0.87839,-0.00178,-0.47748,-0.02085,0.00000,0.00000,0.00000,
44268907520,62.08491,-5.55655,243.43461,0.86444,-0.00276,-0.50237,-0.01879,0.00000,0.00000,0.00000,
44372737024,61.70730,-5.54774,243.58863,0.84959,-0.00268,-0.52721,-0.01546,0.00000,0.00000,0.00000,
44476268544,61.30590,-5.53024,243.72253,0.83398,-0.00167,-0.55166,-0.01171,0.00000,0.00000,0.00000,
44580028160,60.88659,-5.51974,243.83175,0.81793,-0.00007,-0.57524,-0.00977,0.00000,0.00000,0.00000,
44683752960,60.44935,-5.50946,243.91571,0.80230,0.00140,-0.59684,-0.00945,0.00000,0.00000,0.00000,
44787489536,60.00105,-5.50552,243.98235,0.78690,0.00229,-0.61698,-0.01093,0.00000,0.00000,0.00000,
44891356160,59.53778,-5.50256,244.04124,0.77196,0.00229,-0.63555,-0.01202,0.00000,0.00000,0.00000,
44995094784,59.06281,-5.50686,244.08546,0.75770,0.00206,-0.65250,-0.01147,0.00000,0.00000,0.00000,
45098960640,58.57775,-5.50919,244.10837,0.74429,0.00213,-0.66777,-0.01108,0.00000,0.00000,0.00000,
45203356672,58.07176,-5.49817,244.11954,0.73233,0.00254,-0.68087,-0.01059,0.00000,0.00000,0.00000,
45306927616,57.55639,-5.49007,244.11782,0.72232,0.00441,-0.69147,-0.01049,0.00000,0.00000,0.00000,
45410684672,57.04921,-5.49525,244.10774,0.71353,0.00530,-0.70053,-0.01036,0.00000,0.00000,0.00000,
45514852352,56.51336,-5.49126,244.08600,0.70557,0.00628,-0.70853,-0.01054,0.00000,0.00000,0.00000,
45618562048,55.96728,-5.47994,244.06263,0.69890,0.00789,-0.71509,-0.01105,0.00000,0.00000,0.00000,
45722539264,55.39891,-5.46180,244.01517,0.69387,0.00960,-0.71993,-0.01233,0.00000,0.00000,0.00000,
45826514688,54.81590,-5.45761,243.98019,0.69012,0.01084,-0.72351,-0.01228,0.00000,0.00000,0.00000,
45930508544,54.23658,-5.45816,243.94700,0.68782,0.01150,-0.72570,-0.01166,0.00000,0.00000,0.00000,
46034566144,53.63720,-5.45384,243.90290,0.68664,0.01215,-0.72679,-0.01199,0.00000,0.00000,0.00000,
46138417664,53.01862,-5.45542,243.86775,0.68600,0.01186,-0.72740,-0.01200,0.00000,0.00000,0.00000,
46242416896,52.37839,-5.45694,243.82947,0.68558,0.01159,-0.72781,-0.01202,0.00000,0.00000,0.00000,
46346348800,51.71332,-5.46601,243.78651,0.68559,0.01120,-0.72779,-0.01227,0.00000,0.00000,0.00000,
46450211584,51.02654,-5.46954,243.74734,0.68578,0.01082,-0.72763,-0.01190,0.00000,0.00000,0.00000,
46554102528,50.31278,-5.46877,243.70406,0.68603,0.01092,-0.72742,-0.01045,0.00000,0.00000,0.00000,
46657810432,49.60683,-5.47501,243.66232,0.68632,0.01100,-0.72716,-0.00874,0.00000,0.00000,0.00000,
46761682432,48.85636,-5.48056,243.61725,0.68682,0.01105,-0.72670,-0.00804,0.00000,0.00000,0.00000,
46865421824,48.08985,-5.48173,243.56265,0.68721,0.01141,-0.72633,-0.00787,0.00000,0.00000,0.00000,
46969175808,47.31001,-5.48692,243.51594,0.68762,0.01144,-0.72594,-0.00783,0.00000,0.00000,0.00000,
47072901888,46.50583,-5.49528,243.46842,0.68810,0.01040,-0.72551,-0.00751,0.00000,0.00000,0.00000,
47176647168,45.68770,-5.49782,243.42461,0.68864,0.00953,-0.72501,-0.00681,0.00000,0.00000,0.00000,
47280387328,44.86215,-5.50671,243.38055,0.68930,0.00833,-0.72441,-0.00543,0.00000,0.00000,0.00000,
47384124928,44.02334,-5.51315,243.33598,0.68976,0.00796,-0.72398,-0.00538,0.00000,0.00000,0.00000,
47487743488,43.14336,-5.52190,243.28509,0.69013,0.00659,-0.72363,-0.00611,0.00000,0.00000,0.00000,
47591506432,42.23878,-5.52701,243.23436,0.69058,0.00444,-0.72321,-0.00709,0.00000,0.00000,0.00000,
47695094272,41.33084,-5.53870,243.18349,0.69093,0.00209,-0.72288,-0.00804,0.00000,0.00000,0.00000,
47798714880,40.43331,-5.54049,243.14987,0.69094,0.00141,-0.72287,-0.00797,0.00000,0.00000,0.00000,
47902329088,39.53331,-5.54230,243.09573,0.69073,0.00301,-0.72306,-0.00750,0.00000,0.00000,0.00000,
48006070784,38.63372,-5.54183,243.04718,0.69027,0.00398,-0.72352,-0.00519,0.00000,0.00000,0.00000,
48109684992,37.74077,-5.54746,243.01390,0.68939,0.00328,-0.72437,-0.00389,0.00000,0.00000,0.00000,
48213880832,36.84299,-5.56048,242.96852,0.68846,0.00078,-0.72525,-0.00506,0.00000,0.00000,0.00000,
48316913664,35.94444,-5.56956,242.92231,0.68723,-0.00214,-0.72641,-0.00639,0.00000,0.00000,0.00000,
48420530432,35.05305,-5.57545,242.87081,0.68613,-0.00437,-0.72743,-0.00714,0.00000,0.00000,0.00000,
48524143616,34.16903,-5.57055,242.81374,0.68512,-0.00500,-0.72838,-0.00615,0.00000,0.00000,0.00000,
48627778560,33.28122,-5.57583,242.76005,0.68402,-0.00480,-0.72942,-0.00521,0.00000,0.00000,0.00000,
48731400704,32.40122,-5.57671,242.68718,0.68313,-0.00317,-0.73027,-0.00475,0.00000,0.00000,0.00000,
48835355392,31.51763,-5.57550,242.62997,0.68224,-0.00204,-0.73111,-0.00443,0.00000,0.00000,0.00000,
48938731008,30.64086,-5.57381,242.56171,0.68171,-0.00171,-0.73160,-0.00443,0.00000,0.00000,0.00000,
49042592768,29.75999,-5.58494,242.48930,0.68132,0.00007,-0.73197,-0.00537,0.00000,0.00000,0.00000,
49146089984,28.88384,-5.59470,242.41460,0.68104,0.00276,-0.73222,-0.00575,0.00000,0.00000,0.00000,
49249830400,28.03004,-5.60046,242.34164,0.68097,0.00415,-0.73228,-0.00498,0.00000,0.00000,0.00000,
49353848320,27.17545,-5.60892,242.26857,0.68135,0.00525,-0.73192,-0.00545,0.00000,0.00000,0.00000,
49457610496,26.31498,-5.62893,242.20228,0.68198,0.00531,-0.73133,-0.00592,0.00000,0.00000,0.00000,
49560951808,25.45625,-5.63991,242.13626,0.68271,0.00474,-0.73066,-0.00508,0.00000,0.00000,0.00000,
49664692224,24.59856,-5.64639,242.07173,0.68358,0.00397,-0.72985,-0.00512,0.00000,0.00000,0.00000,
49768336896,23.75061,-5.65741,242.01289,0.68440,0.00269,-0.72909,-0.00459,0.00000,0.00000,0.00000,
49872030976,22.90754,-5.66509,241.96391,0.68510,0.00041,-0.72844,-0.00360,0.00000,0.00000,0.00000,
49975755264,22.05816,-5.66601,241.92108,0.68582,-0.00133,-0.72776,-0.00163,0.00000,0.00000,0.00000,
50079370752,21.23967,-5.67657,241.87033,0.68658,-0.00065,-0.72705,-0.00124,0.00000,0.00000,0.00000,
50183132416,20.41482,-5.68555,241.82543,0.68712,-0.00062,-0.72654,-0.00090,0.00000,0.00000,0.00000,
50286730240,19.58456,-5.68544,241.78699,0.68729,-0.00195,-0.72638,0.00038,0.00000,0.00000,0.00000,
50390364928,18.75695,-5.70287,241.76446,0.68706,-0.00425,-0.72658,-0.00036,0.00000,0.00000,0.00000,
50494103808,17.93381,-5.71457,241.71455,0.68686,-0.00496,-0.72677,-0.00281,0.00000,0.00000,0.00000,
50597701632,17.11022,-5.72516,241.66304,0.68622,-0.00537,-0.72736,-0.00419,0.00000,0.00000,0.00000,
50701312256,16.29014,-5.72669,241.61266,0.68528,-0.00470,-0.72826,-0.00380,0.00000,0.00000,0.00000,
50805054464,15.47791,-5.73068,241.56002,0.68425,-0.00361,-0.72923,-0.00284,0.00000,0.00000,0.00000,
50908671488,14.66351,-5.72953,241.49565,0.68297,-0.00199,-0.73044,-0.00184,0.00000,0.00000,0.00000,
51012410368,13.85721,-5.73538,241.42308,0.68151,-0.00089,-0.73180,-0.00174,0.00000,0.00000,0.00000,
51116027136,13.05657,-5.74905,241.36616,0.67959,-0.00020,-0.73359,-0.00212,0.00000,0.00000,0.00000,
51219641600,12.25606,-5.75352,241.29977,0.67775,0.00019,-0.73528,-0.00284,0.00000,0.00000,0.00000,
51323384832,11.45408,-5.75535,241.22142,0.67614,0.00048,-0.73676,-0.00411,0.00000,0.00000,0.00000,
51427122688,10.66117,-5.76775,241.14303,0.67454,0.00054,-0.73821,-0.00625,0.00000,0.00000,0.00000,
51530757632,9.87264,-5.77071,241.06063,0.67302,0.00177,-0.73957,-0.00840,0.00000,0.00000,0.00000,
51634353920,9.09876,-5.77278,240.97243,0.67194,0.00316,-0.74054,-0.00953,0.00000,0.00000,0.00000,
51738095360,8.33397,-5.77370,240.89243,0.67110,0.00500,-0.74127,-0.01049,0.00000,0.00000,0.00000,
51841860608,7.56688,-5.78362,240.79992,0.67066,0.00701,-0.74163,-0.01213,0.00000,0.00000,0.00000,
51945448704,6.81277,-5.77939,240.70895,0.67037,0.00789,-0.74187,-0.01320,0.00000,0.00000,0.00000,
52049189888,6.06628,-5.77991,240.62388,0.67020,0.00857,-0.74199,-0.01422,0.00000,0.00000,0.00000,
52152936192,5.34388,-5.79232,240.54829,0.67014,0.00952,-0.74201,-0.01529,0.00000,0.00000,0.00000,
52256545536,4.62194,-5.79246,240.47271,0.67022,0.01054,-0.74191,-0.01629,0.00000,0.00000,0.00000,
52360309248,3.92384,-5.79115,240.39524,0.67048,0.01139,-0.74165,-0.01716,0.00000,0.00000,0.00000,
52463926272,3.24328,-5.80456,240.31909,0.67094,0.01129,-0.74121,-0.01784,0.00000,0.00000,0.00000,
52567645696,2.57169,-5.80757,240.24816,0.67191,0.01111,-0.74032,-0.01844,0.00000,0.00000,0.00000,
52671385856,1.91528,-5.81785,240.18343,0.67301,0.01125,-0.73931,-0.01878,0.00000,0.00000,0.00000,
52775004416,1.27396,-5.82319,240.12046,0.67404,0.01218,-0.73835,-0.01891,0.00000,0.00000,0.00000,
52878635008,0.64375,-5.82847,240.05940,0.67519,0.01238,-0.73731,-0.01824,0.00000,0.00000,0.00000,
52982356224,0.02581,-5.83520,240.00713,0.67622,0.01189,-0.73640,-0.01720,0.00000,0.00000,0.00000,
53085970176,-0.58548,-5.83675,239.96119,0.67729,0.01129,-0.73545,-0.01627,0.00000,0.00000,0.00000,
53189584384,-1.17832,-5.84369,239.90975,0.67849,0.01120,-0.73434,-0.01667,0.00000,0.00000,0.00000,
53293221888,-1.75278,-5.85385,239.85903,0.67990,0.01053,-0.73304,-0.01688,0.00000,0.00000,0.00000,
53396943104,-2.30025,-5.85794,239.82402,0.68125,0.01080,-0.73178,-0.01705,0.00000,0.00000,0.00000,
53500559104,-2.83040,-5.87917,239.79109,0.68290,0.01050,-0.73025,-0.01685,0.00000,0.00000,0.00000,
53604327936,-3.34994,-5.87910,239.76224,0.68458,0.00994,-0.72868,-0.01645,0.00000,0.00000,0.00000,
53707913728,-3.83852,-5.85579,239.73757,0.68610,0.00982,-0.72727,-0.01609,0.00000,0.00000,0.00000,
53811530496,-4.32038,-5.86417,239.70569,0.68776,0.00882,-0.72571,-0.01574,0.00000,0.00000,0.00000,
53915142656,-4.78577,-5.86750,239.68406,0.68934,0.00838,-0.72421,-0.01607,0.00000,0.00000,0.00000,
54018905856,-5.23789,-5.87040,239.66198,0.69120,0.00795,-0.72243,-0.01679,0.00000,0.00000,0.00000,
54122505216,-5.66623,-5.87205,239.64604,0.69293,0.00753,-0.72076,-0.01707,0.00000,0.00000,0.00000,
54226139392,-6.08214,-5.87582,239.63540,0.69479,0.00690,-0.71899,-0.01688,0.00000,0.00000,0.00000,
54329880320,-6.47533,-5.87707,239.62777,0.69696,0.00637,-0.71689,-0.01675,0.00000,0.00000,0.00000,
54433600256,-6.85372,-5.87893,239.62007,0.69919,0.00596,-0.71473,-0.01587,0.00000,0.00000,0.00000,
54537214976,-7.21507,-5.87924,239.61978,0.70132,0.00570,-0.71268,-0.01464,0.00000,0.00000,0.00000,
54640832512,-7.56651,-5.87835,239.61963,0.70345,0.00560,-0.71059,-0.01402,0.00000,0.00000,0.00000,
54744459520,-7.89022,-5.88162,239.62254,0.70535,0.00557,-0.70871,-0.01334,0.00000,0.00000,0.00000,
54848062976,-8.19012,-5.88590,239.62486,0.70711,0.00547,-0.70696,-0.01326,0.00000,0.00000,0.00000,
54951696896,-8.46313,-5.88804,239.62725,0.70876,0.00517,-0.70530,-0.01334,0.00000,0.00000,0.00000,
55055428352,-8.74008,-5.89094,239.62995,0.71015,0.00512,-0.70390,-0.01336,0.00000,0.00000,0.00000,
55159029504,-8.96802,-5.88845,239.63399,0.71150,0.00515,-0.70256,-0.01178,0.00000,0.00000,0.00000,
55262647552,-9.15614,-5.89699,239.64787,0.71256,0.00621,-0.70152,-0.00941,0.00000,0.00000,0.00000,
55366390272,-9.31288,-5.89909,239.65589,0.71353,0.00699,-0.70055,-0.00757,0.00000,0.00000,0.00000,
55470019328,-9.45990,-5.90188,239.65962,0.71427,0.00680,-0.69979,-0.00766,0.00000,0.00000,0.00000,
55573745408,-9.57737,-5.90230,239.66252,0.71478,0.00636,-0.69927,-0.00827,0.00000,0.00000,0.00000,
55677355264,-9.68234,-5.90409,239.66633,0.71512,0.00662,-0.69892,-0.00797,0.00000,0.00000,0.00000,
55780973056,-9.75417,-5.90483,239.66861,0.71540,0.00732,-0.69864,-0.00700,0.00000,0.00000,0.00000,
55884589824,-9.81659,-5.90533,239.67120,0.71558,0.00777,-0.69846,-0.00625,0.00000,0.00000,0.00000,
55988347136,-9.86842,-5.90571,239.67215,0.71563,0.00796,-0.69841,-0.00598,0.00000,0.00000,0.00000,
56091960576,-9.90846,-5.90651,239.67250,0.71568,0.00794,-0.69835,-0.00614,0.00000,0.00000,0.00000,
56195599872,-9.93766,-5.90752,239.67138,0.71576,0.00803,-0.69827,-0.00614,0.00000,0.00000,0.00000,
56299198208,-9.95300,-5.90760,239.67385,0.71573,0.00811,-0.69831,-0.00608,0.00000,0.00000,0.00000,
56402793728,-9.95817,-5.90769,239.67364,0.71575,0.00810,-0.69829,-0.00608,0.00000,0.00000,0.00000,
56506446336,-9.95395,-5.90773,239.67336,0.71575,0.00822,-0.69828,-0.00604,0.00000,0.00000,0.00000,
56610044160,-9.94726,-5.90907,239.67233,0.71574,0.00878,-0.69829,-0.00571,0.00000,0.00000,0.00000,
56713642240,-9.94552,-5.91165,239.67215,0.71575,0.00953,-0.69827,-0.00514,0.00000,0.00000,0.00000,
56817260544,-9.94769,-5.91287,239.66999,0.71578,0.00968,-0.69824,-0.00503,0.00000,0.00000,0.00000,
56920997120,-9.94790,-5.91168,239.67245,0.71573,0.00938,-0.69829,-0.00513,0.00000,0.00000,0.00000,
57024633600,-9.94628,-5.91112,239.67273,0.71574,0.00940,-0.69829,-0.00491,0.00000,0.00000,0.00000,
57128226304,-9.94745,-5.91167,239.67060,0.71577,0.00955,-0.69826,-0.00484,0.00000,0.00000,0.00000,
57231974400,-9.95247,-5.91070,239.67228,0.71574,0.00967,-0.69828,-0.00473,0.00000,0.00000,0.00000,
57335740928,-9.96206,-5.91023,239.67085,0.71579,0.00987,-0.69824,-0.00449,0.00000,0.00000,0.00000,
57439327488,-9.97440,-5.91026,239.67312,0.71576,0.00990,-0.69826,-0.00445,0.00000,0.00000,0.00000,
57542963968,-9.99085,-5.91003,239.67390,0.71577,0.00987,-0.69825,-0.00448,0.00000,0.00000,0.00000,
57646565376,-10.01246,-5.91013,239.67451,0.71581,0.00991,-0.69822,-0.00441,0.00000,0.00000,0.00000,
57750390528,-10.03887,-5.91078,239.67289,0.71587,0.00999,-0.69815,-0.00435,0.00000,0.00000,0.00000,
57853966336,-10.06823,-5.91029,239.67622,0.71587,0.01029,-0.69814,-0.00402,0.00000,0.00000,0.00000,
57957679616,-10.11127,-5.91050,239.67803,0.71599,0.01110,-0.69801,-0.00321,0.00000,0.00000,0.00000,
58061267456,-10.16740,-5.91060,239.67926,0.71625,0.01203,-0.69773,-0.00225,0.00000,0.00000,0.00000,
58164904960,-10.24515,-5.91216,239.68305,0.71670,0.01269,-0.69727,-0.00145,0.00000,0.00000,0.00000,
58268623104,-10.34315,-5.91373,239.68844,0.71749,0.01301,-0.69645,-0.00096,0.00000,0.00000,0.00000,
58372238080,-10.46277,-5.91685,239.69537,0.71876,0.01328,-0.69513,-0.00044,0.00000,0.00000,0.00000,
58475979264,-10.60335,-5.92075,239.70602,0.72066,0.01375,-0.69315,0.00045,0.00000,0.00000,0.00000,
58579593728,-10.76620,-5.92792,239.72359,0.72326,0.01406,-0.69043,0.00096,0.00000,0.00000,0.00000,
58683351552,-10.94211,-5.93207,239.73969,0.72662,0.01432,-0.68689,0.00106,0.00000,0.00000,0.00000,
58786951936,-11.13999,-5.93557,239.75804,0.73072,0.01479,-0.68251,0.00086,0.00000,0.00000,0.00000,
58890708992,-11.34668,-5.94354,239.78596,0.73555,0.01552,-0.67730,0.00067,0.00000,0.00000,0.00000,
58994307328,-11.57877,-5.95145,239.82419,0.74107,0.01513,-0.67126,0.00029,0.00000,0.00000,0.00000,
59098076928,-11.81690,-5.96220,239.86698,0.74766,0.01284,-0.66396,-0.00085,0.00000,0.00000,0.00000,
59201785088,-12.06717,-5.98014,239.92161,0.75517,0.01098,-0.65543,-0.00224,0.00000,0.00000,0.00000,
59305416960,-12.32167,-5.98648,239.97843,0.76312,0.01104,-0.64616,-0.00268,0.00000,0.00000,0.00000,
59409140736,-12.57625,-5.99127,240.06387,0.77169,0.01043,-0.63592,-0.00119,0.00000,0.00000,0.00000,
59513096448,-12.84331,-5.99601,240.15377,0.78147,0.00951,-0.62388,-0.00013,0.00000,0.00000,0.00000,
59616747008,-13.11436,-6.00462,240.26434,0.79190,0.00766,-0.61061,0.00149,0.00000,0.00000,0.00000,
59720504832,-13.38199,-6.01128,240.38334,0.80315,0.00518,-0.59575,0.00311,0.00000,0.00000,0.00000,
59824233216,-13.66919,-6.01397,240.51349,0.81551,0.00251,-0.57872,0.00285,0.00000,0.00000,0.00000,
59928101888,-13.95488,-6.01369,240.65406,0.82844,0.00053,-0.56008,0.00104,0.00000,0.00000,0.00000,
60032117248,-14.23969,-6.01780,240.80773,0.84195,0.00030,-0.53956,-0.00162,0.00000,0.00000,0.00000,
60135783168,-14.52776,-6.02009,240.98743,0.85579,0.00035,-0.51731,-0.00346,0.00000,0.00000,0.00000,
60239773952,-14.80650,-6.02527,241.18895,0.86957,-0.00118,-0.49379,-0.00341,0.00000,0.00000,0.00000,
60343304448,-15.07421,-6.03306,241.42360,0.88317,-0.00308,-0.46904,-0.00222,0.00000,0.00000,0.00000,
60447193088,-15.33316,-6.03872,241.67652,0.89666,-0.00373,-0.44270,-0.00047,0.00000,0.00000,0.00000,
60550999296,-15.58611,-6.03250,241.95772,0.90964,-0.00242,-0.41538,0.00111,0.00000,0.00000,0.00000,
60654776576,-15.83221,-6.02732,242.25582,0.92236,0.00002,-0.38633,0.00261,0.00000,0.00000,0.00000,
60758610944,-16.06521,-6.02641,242.58410,0.93438,0.00199,-0.35626,0.00237,0.00000,0.00000,0.00000,
60862279168,-16.28971,-6.02353,242.93744,0.94568,0.00275,-0.32507,0.00213,0.00000,0.00000,0.00000,
60965996032,-16.50394,-6.02152,243.32463,0.95587,0.00125,-0.29376,0.00281,0.00000,0.00000,0.00000,
61069628672,-16.70416,-6.02329,243.74463,0.96460,-0.00009,-0.26366,0.00480,0.00000,0.00000,0.00000,
61173271552,-16.88835,-6.02827,244.17804,0.97228,-0.00159,-0.23370,0.00719,0.00000,0.00000,0.00000,
61276846336,-17.05674,-6.03412,244.64316,0.97873,-0.00222,-0.20494,0.00911,0.00000,0.00000,0.00000,
61380462080,-17.19157,-6.03095,245.12227,0.98396,-0.00164,-0.17809,0.01059,0.00000,0.00000,0.00000,
61483952640,-17.32809,-6.03838,245.61596,0.98825,0.00015,-0.15250,0.01008,0.00000,0.00000,0.00000,
61587565056,-17.44691,-6.03111,246.14734,0.99162,0.00120,-0.12882,0.00977,0.00000,0.00000,0.00000,
61691056384,-17.55362,-6.02791,246.70092,0.99417,0.00089,-0.10731,0.01047,0.00000,0.00000,0.00000,
61794548992,-17.61399,-6.04238,247.24719,0.99599,-0.00011,-0.08883,0.01047,0.00000,0.00000,0.00000,
61897904128,-17.67174,-6.04624,247.82932,0.99726,-0.00093,-0.07315,0.01091,0.00000,0.00000,0.00000,
62002744064,-17.71412,-6.04601,248.42975,0.99811,-0.00135,-0.06022,0.01237,0.00000,0.00000,0.00000,
62104793344,-17.77028,-6.04559,249.05664,0.99866,-0.00165,-0.04977,0.01394,0.00000,0.00000,0.00000,
62208133888,-17.80728,-6.04779,249.67844,0.99902,-0.00208,-0.04172,0.01467,0.00000,0.00000,0.00000,
62311504896,-17.83932,-6.05206,250.31861,0.99925,-0.00233,-0.03560,0.01521,0.00000,0.00000,0.00000,
62414862848,-17.87076,-6.05409,250.97591,0.99940,-0.00209,-0.03086,0.01560,0.00000,0.00000,0.00000,
62518232576,-17.90594,-6.05788,251.66028,0.99952,-0.00173,-0.02681,0.01562,0.00000,0.00000,0.00000,
62621737984,-17.94096,-6.05149,252.35824,0.99960,-0.00101,-0.02335,0.01612,0.00000,0.00000,0.00000,
62725221376,-17.97041,-6.05713,253.07619,0.99964,-0.00069,-0.02134,0.01632,0.00000,0.00000,0.00000,
62828703488,-17.99611,-6.06055,253.79303,0.99966,-0.00094,-0.02005,0.01680,0.00000,0.00000,0.00000,
62932196096,-18.03007,-6.05705,254.52761,0.99968,-0.00137,-0.01887,0.01669,0.00000,0.00000,0.00000,
63035808256,-18.05528,-6.06554,255.30101,0.99969,-0.00263,-0.01838,0.01668,0.00000,0.00000,0.00000,
63139423744,-18.09114,-6.05358,256.06888,0.99969,-0.00373,-0.01784,0.01718,0.00000,0.00000,0.00000,
63242920192,-18.12259,-6.05099,256.85556,0.99968,-0.00396,-0.01801,0.01724,0.00000,0.00000,0.00000,
63346531072,-18.15399,-6.05667,257.64782,0.99965,-0.00344,-0.01890,0.01813,0.00000,0.00000,0.00000,
63450145280,-18.17474,-6.04847,258.45556,0.99962,-0.00151,-0.01997,0.01887,0.00000,0.00000,0.00000,
63553888256,-18.21397,-6.05584,259.28640,0.99962,0.00128,-0.02071,0.01819,0.00000,0.00000,0.00000,
63657501184,-18.25280,-6.05804,260.13182,0.99963,0.00330,-0.02094,0.01693,0.00000,0.00000,0.00000,
63761246208,-18.28760,-6.06920,260.98784,0.99965,0.00300,-0.02125,0.01571,0.00000,0.00000,0.00000,
63864987648,-18.32325,-6.07362,261.86048,0.99965,-0.00030,-0.02117,0.01557,0.00000,0.00000,0.00000,
63968619264,-18.36484,-6.08409,262.75478,0.99964,-0.00534,-0.02106,0.01590,0.00000,0.00000,0.00000,
64072221696,-18.39623,-6.08585,263.65088,0.99960,-0.00798,-0.02121,0.01721,0.00000,0.00000,0.00000,
64175974912,-18.43514,-6.07906,264.55288,0.99957,-0.00682,-0.02132,0.01890,0.00000,0.00000,0.00000,
64279620352,-18.47122,-6.07238,265.46601,0.99954,-0.00321,-0.02205,0.02040,0.00000,0.00000,0.00000,
64383183872,-18.50927,-6.07652,266.37642,0.99952,0.00033,-0.02265,0.02124,0.00000,0.00000,0.00000,
64486926336,-18.55173,-6.09482,267.31575,0.99950,0.00250,-0.02338,0.02111,0.00000,0.00000,0.00000,
64590706688,-18.59904,-6.11158,268.26059,0.99950,0.00294,-0.02370,0.02065,0.00000,0.00000,0.00000,
64694303232,-18.64248,-6.11934,269.21627,0.99952,0.00233,-0.02424,0.01909,0.00000,0.00000,0.00000,
64797937152,-18.69889,-6.11685,270.19860,0.99953,-0.00063,-0.02442,0.01854,0.00000,0.00000,0.00000,
64901639936,-18.75070,-6.11559,271.19808,0.99953,-0.00373,-0.02458,0.01815,0.00000,0.00000,0.00000,
65005338624,-18.79380,-6.11769,272.19808,0.99951,-0.00557,-0.02459,0.01879,0.00000,0.00000,0.00000,
65108992000,-18.84377,-6.11768,273.20807,0.99948,-0.00483,-0.02472,0.02011,0.00000,0.00000,0.00000,
65212826112,-18.89996,-6.11428,274.20574,0.99948,-0.00273,-0.02457,0.02070,0.00000,0.00000,0.00000,
65316223488,-18.95268,-6.12125,275.21826,0.99946,-0.00093,-0.02490,0.02150,0.00000,0.00000,0.00000,
65419846144,-19.00924,-6.12434,276.24502,0.99944,-0.00013,-0.02511,0.02206,0.00000,0.00000,0.00000,
65523614976,-19.06097,-6.13798,277.27171,0.99942,-0.00044,-0.02554,0.02253,0.00000,0.00000,0.00000,
65627107584,-19.10334,-6.16011,278.30783,0.99938,-0.00227,-0.02642,0.02297,0.00000,0.00000,0.00000,
65730787840,-19.16588,-6.13329,279.36793,0.99933,-0.00353,-0.02753,0.02404,0.00000,0.00000,0.00000,
65834431744,-19.22382,-6.14277,280.40159,0.99929,-0.00263,-0.02852,0.02463,0.00000,0.00000,0.00000,
65938040576,-19.27886,-6.15875,281.43358,0.99925,0.00022,-0.02942,0.02510,0.00000,0.00000,0.00000,
66041658368,-19.33790,-6.16779,282.46203,0.99925,0.00255,-0.03014,0.02429,0.00000,0.00000,0.00000,
66145272832,-19.41598,-6.18225,283.52124,0.99923,0.00334,-0.03077,0.02406,0.00000,0.00000,0.00000,
66248936448,-19.47185,-6.21245,284.57125,0.99923,0.00246,-0.03174,0.02296,0.00000,0.00000,0.00000,
66352631040,-19.55246,-6.22848,285.63751,0.99922,0.00057,-0.03241,0.02265,0.00000,0.00000,0.00000,
66456244992,-19.63481,-6.23892,286.68657,0.99922,-0.00182,-0.03303,0.02172,0.00000,0.00000,0.00000,
66559857920,-19.70456,-6.25445,287.73743,0.99920,-0.00368,-0.03376,0.02088,0.00000,0.00000,0.00000,
66663594496,-19.78191,-6.26900,288.77681,0.99920,-0.00416,-0.03422,0.02004,0.00000,0.00000,0.00000,
66767236608,-19.85373,-6.26134,289.82303,0.99919,-0.00345,-0.03442,0.02059,0.00000,0.00000,0.00000,
66870955520,-19.91942,-6.27248,290.86829,0.99918,-0.00258,-0.03443,0.02124,0.00000,0.00000,0.00000,
66974569728,-19.99560,-6.28900,291.91120,0.99919,-0.00096,-0.03445,0.02101,0.00000,0.00000,0.00000,
67078310656,-20.07073,-6.29494,292.96129,0.99916,0.00099,-0.03458,0.02185,0.00000,0.00000,0.00000,
67181927424,-20.13397,-6.31171,293.99549,0.99916,0.00167,-0.03479,0.02140,0.00000,0.00000,0.00000,
67285668608,-20.22195,-6.32736,295.03086,0.99919,0.00094,-0.03439,0.02083,0.00000,0.00000,0.00000,
67389284352,-20.31452,-6.35319,296.06531,0.99923,-0.00069,-0.03411,0.01960,0.00000,0.00000,0.00000,
67492967680,-20.39584,-6.36419,297.08498,0.99925,-0.00119,-0.03382,0.01862,0.00000,0.00000,0.00000,
67596633600,-20.47352,-6.38203,298.10833,0.99927,-0.00175,-0.03387,0.01765,0.00000,0.00000,0.00000,
67700272896,-20.55680,-6.38779,299.14051,0.99929,-0.00360,-0.03359,0.01669,0.00000,0.00000,0.00000,
67803899392,-20.64450,-6.39540,300.17173,0.99930,-0.00601,-0.03329,0.01614,0.00000,0.00000,0.00000,
67907590400,-20.71288,-6.40634,301.18578,0.99931,-0.00620,-0.03327,0.01513,0.00000,0.00000,0.00000,
68011292672,-20.80690,-6.39182,302.21255,0.99936,-0.00325,-0.03284,0.01356,0.00000,0.00000,0.00000,
68114968832,-20.87202,-6.40086,303.20314,0.99938,-0.00103,-0.03282,0.01247,0.00000,0.00000,0.00000,
68218644992,-20.94053,-6.42330,304.19194,0.99941,0.00002,-0.03246,0.01118,0.00000,0.00000,0.00000,
68322217728,-21.00968,-6.43110,305.20673,0.99943,0.00071,-0.03234,0.00975,0.00000,0.00000,0.00000,
68425939712,-21.07141,-6.43995,306.21548,0.99944,0.00134,-0.03232,0.00877,0.00000,0.00000,0.00000,
68529588992,-21.14262,-6.45841,307.23619,0.99944,0.00082,-0.03239,0.00828,0.00000,0.00000,0.00000,
68633165824,-21.20341,-6.47192,308.25204,0.99944,-0.00033,-0.03251,0.00809,0.00000,0.00000,0.00000,
68736910080,-21.28003,-6.48210,309.25501,0.99944,-0.00124,-0.03238,0.00859,0.00000,0.00000,0.00000,
68840527360,-21.34899,-6.49631,310.28929,0.99943,-0.00157,-0.03258,0.00857,0.00000,0.00000,0.00000,
68944266752,-21.42428,-6.50887,311.31364,0.99944,-0.00136,-0.03243,0.00820,0.00000,0.00000,0.00000,
69047886592,-21.49207,-6.51606,312.34751,0.99945,-0.00159,-0.03202,0.00875,0.00000,0.00000,0.00000,
69151623424,-21.57004,-6.52149,313.39233,0.99946,-0.00144,-0.03148,0.00906,0.00000,0.00000,0.00000,
69255321856,-21.63710,-6.52727,314.43272,0.99947,-0.00134,-0.03113,0.00981,0.00000,0.00000,0.00000,
69358997760,-21.69746,-6.53290,315.50428,0.99948,-0.00106,-0.03109,0.00885,0.00000,0.00000,0.00000,
69462643200,-21.76056,-6.52812,316.55401,0.99948,-0.00164,-0.03096,0.00905,0.00000,0.00000,0.00000,
69566331648,-21.83393,-6.54490,317.60398,0.99949,-0.00104,-0.03060,0.00937,0.00000,0.00000,0.00000,
69669946368,-21.89932,-6.55529,318.65416,0.99950,0.00132,-0.03048,0.00850,0.00000,0.00000,0.00000,
69773708288,-21.97166,-6.56838,319.71236,0.99949,0.00291,-0.03054,0.00878,0.00000,0.00000,0.00000,
69877303040,-22.03889,-6.58945,320.77644,0.99949,0.00138,-0.03063,0.00934,0.00000,0.00000,0.00000,
69980931840,-22.12029,-6.58697,321.87608,0.99949,-0.00094,-0.03058,0.00959,0.00000,0.00000,0.00000,
70084660224,-22.19558,-6.59701,322.96142,0.99949,-0.00242,-0.03038,0.00944,0.00000,0.00000,0.00000,
70188398848,-22.26332,-6.60772,324.02835,0.99949,-0.00346,-0.03016,0.00988,0.00000,0.00000,0.00000,
70292034560,-22.35140,-6.62414,325.10285,0.99950,-0.00462,-0.02985,0.00981,0.00000,0.00000,0.00000,
70395630848,-22.43130,-6.62581,326.16135,0.99948,-0.00479,-0.02977,0.01145,0.00000,0.00000,0.00000,
70499373312,-22.49623,-6.63274,327.21181,0.99947,-0.00391,-0.02987,0.01248,0.00000,0.00000,0.00000,
70602989824,-22.56464,-6.63214,328.27910,0.99946,-0.00237,-0.02996,0.01307,0.00000,0.00000,0.00000,
70706607872,-22.62088,-6.64865,329.33504,0.99944,-0.00199,-0.03027,0.01441,0.00000,0.00000,0.00000,
70810365184,-22.67938,-6.65378,330.38870,0.99941,-0.00258,-0.03056,0.01527,0.00000,0.00000,0.00000,
70913962496,-22.73520,-6.65799,331.43644,0.99938,-0.00397,-0.03080,0.01686,0.00000,0.00000,0.00000,
71017596416,-22.79449,-6.65338,332.49277,0.99932,-0.00569,-0.03127,0.01887,0.00000,0.00000,0.00000,
71121196544,-22.86040,-6.66141,333.50473,0.99928,-0.00628,-0.03134,0.02032,0.00000,0.00000,0.00000,
71224815104,-22.91092,-6.67149,334.53281,0.99926,-0.00473,-0.03170,0.02130,0.00000,0.00000,0.00000,
71328427008,-22.97918,-6.67527,335.55889,0.99922,-0.00263,-0.03180,0.02305,0.00000,0.00000,0.00000,
71432163584,-23.04847,-6.67703,336.58247,0.99920,-0.00186,-0.03196,0.02387,0.00000,0.00000,0.00000,
71535848960,-23.11658,-6.70243,337.60537,0.99918,-0.00258,-0.03225,0.02424,0.00000,0.00000,0.00000,
71639400448,-23.18777,-6.72011,338.62087,0.99914,-0.00384,-0.03267,0.02529,0.00000,0.00000,0.00000,
71743008000,-23.25986,-6.73527,339.62298,0.99910,-0.00539,-0.03304,0.02612,0.00000,0.00000,0.00000,
71846653696,-23.32901,-6.74462,340.62767,0.99904,-0.00681,-0.03342,0.02736,0.00000,0.00000,0.00000,
71950249216,-23.40667,-6.74681,341.62053,0.99900,-0.00748,-0.03376,0.02850,0.00000,0.00000,0.00000,
72053919488,-23.46251,-6.74147,342.58485,0.99895,-0.00678,-0.03447,0.02939,0.00000,0.00000,0.00000,
72157494528,-23.53300,-6.74588,343.56232,0.99891,-0.00607,-0.03503,0.03020,0.00000,0.00000,0.00000,
72261237504,-23.59970,-6.75008,344.52094,0.99890,-0.00512,-0.03554,0.03003,0.00000,0.00000,0.00000,
72364833024,-23.67112,-6.75331,345.46879,0.99891,-0.00478,-0.03594,0.02949,0.00000,0.00000,0.00000,
72468448512,-23.74823,-6.75740,346.41865,0.99889,-0.00472,-0.03636,0.02963,0.00000,0.00000,0.00000,
72572064000,-23.82333,-6.77109,347.36672,0.99889,-0.00527,-0.03665,0.02927,0.00000,0.00000,0.00000,
72675719424,-23.90087,-6.77848,348.29637,0.99890,-0.00580,-0.03691,0.02827,0.00000,0.00000,0.00000,
72779442432,-23.98790,-6.78330,349.21513,0.99894,-0.00508,-0.03693,0.02706,0.00000,0.00000,0.00000,
72883036416,-24.06513,-6.79664,350.10803,0.99895,-0.00412,-0.03688,0.02681,0.00000,0.00000,0.00000,
72986774016,-24.15120,-6.80134,351.00547,0.99897,-0.00344,-0.03634,0.02704,0.00000,0.00000,0.00000,
73090511104,-24.21943,-6.80318,351.88780,0.99899,-0.00369,-0.03570,0.02692,0.00000,0.00000,0.00000,
73194192640,-24.28238,-6.81468,352.75133,0.99903,-0.00393,-0.03487,0.02652,0.00000,0.00000,0.00000,
73297873664,-24.35625,-6.81272,353.59458,0.99905,-0.00446,-0.03375,0.02736,0.00000,0.00000,0.00000,
73401488384,-24.41858,-6.81376,354.40464,0.99905,-0.00458,-0.03278,0.02827,0.00000,0.00000,0.00000,
73505106688,-24.44220,-6.82373,355.20291,0.99906,-0.00523,-0.03230,0.02860,0.00000,0.00000,0.00000,
73608898560,-24.49292,-6.82119,355.97693,0.99904,-0.00605,-0.03126,0.02995,0.00000,0.00000,0.00000,
73712556288,-24.54029,-6.82496,356.72374,0.99905,-0.00687,-0.03050,0.03029,0.00000,0.00000,0.00000,
73816144896,-24.59586,-6.82990,357.44476,0.99911,-0.00764,-0.02951,0.02932,0.00000,0.00000,0.00000,
73919836672,-24.64796,-6.84145,358.14871,0.99912,-0.00784,-0.02858,0.02969,0.00000,0.00000,0.00000,
74023433216,-24.68475,-6.85925,358.82965,0.99915,-0.00631,-0.02795,0.02974,0.00000,0.00000,0.00000,
74127170816,-24.71212,-6.87607,359.47772,0.99918,-0.00379,-0.02728,0.02974,0.00000,0.00000,0.00000,
74230881536,-24.75488,-6.88188,360.10786,0.99921,-0.00257,-0.02647,0.02967,0.00000,0.00000,0.00000,
74334397696,-24.79277,-6.88952,360.72237,0.99922,-0.00297,-0.02591,0.02952,0.00000,0.00000,0.00000,
74438034688,-24.82489,-6.88976,361.31265,0.99923,-0.00439,-0.02569,0.02944,0.00000,0.00000,0.00000,
74541654272,-24.84429,-6.89689,361.86582,0.99920,-0.00602,-0.02603,0.02991,0.00000,0.00000,0.00000,
74645264896,-24.88455,-6.91244,362.42042,0.99917,-0.00682,-0.02694,0.02993,0.00000,0.00000,0.00000,
74748861696,-24.92427,-6.91741,362.93902,0.99915,-0.00544,-0.02866,0.02904,0.00000,0.00000,0.00000,
74852536576,-24.95346,-6.91914,363.43115,0.99908,-0.00377,-0.03164,0.02880,0.00000,0.00000,0.00000,
74955963136,-24.99078,-6.92442,363.91212,0.99895,-0.00245,-0.03596,0.02840,0.00000,0.00000,0.00000,
75059608832,-25.03560,-6.93277,364.36751,0.99871,-0.00183,-0.04199,0.02842,0.00000,0.00000,0.00000,
75163075072,-25.09758,-6.93451,364.81071,0.99835,-0.00132,-0.04968,0.02865,0.00000,0.00000,0.00000,
75266646528,-25.15712,-6.94564,365.24527,0.99786,-0.00073,-0.05919,0.02769,0.00000,0.00000,0.00000,
75370053888,-25.24486,-6.95245,365.68839,0.99720,-0.00075,-0.06997,0.02632,0.00000,0.00000,0.00000,
75473544704,-25.34425,-6.96204,366.11396,0.99626,-0.00158,-0.08271,0.02513,0.00000,0.00000,0.00000,
75577070336,-25.45451,-6.97221,366.54056,0.99490,-0.00339,-0.09761,0.02537,0.00000,0.00000,0.00000,
75680404992,-25.57120,-6.97999,366.94473,0.99302,-0.00392,-0.11498,0.02614,0.00000,0.00000,0.00000,
75783766016,-25.72000,-6.99057,367.35814,0.99054,-0.00359,-0.13471,0.02596,0.00000,0.00000,0.00000,
75887279360,-25.88739,-6.99804,367.75022,0.98742,-0.00385,-0.15621,0.02437,0.00000,0.00000,0.00000,
75990618880,-26.06911,-7.01194,368.12392,0.98367,-0.00475,-0.17854,0.02232,0.00000,0.00000,0.00000,
76094112768,-26.28066,-7.02457,368.49430,0.97925,-0.00634,-0.20147,0.02094,0.00000,0.00000,0.00000,
76197598720,-26.48187,-7.02206,368.84814,0.97396,-0.00781,-0.22560,0.02117,0.00000,0.00000,0.00000,
76300966400,-26.69679,-7.01987,369.18558,0.96784,-0.00894,-0.25061,0.02018,0.00000,0.00000,0.00000,
76404457472,-26.95113,-7.01630,369.51463,0.96068,-0.00882,-0.27699,0.01725,0.00000,0.00000,0.00000,
76507947264,-27.21398,-7.02661,369.83064,0.95239,-0.00949,-0.30443,0.01393,0.00000,0.00000,0.00000,
76611340288,-27.49181,-7.02784,370.14342,0.94298,-0.01121,-0.33242,0.01269,0.00000,0.00000,0.00000,
76714818048,-27.82916,-7.02949,370.45930,0.93256,-0.01345,-0.36051,0.01373,0.00000,0.00000,0.00000,
76818440960,-28.17409,-7.03701,370.76859,0.92086,-0.01518,-0.38927,0.01601,0.00000,0.00000,0.00000,
76921986304,-28.53910,-7.04858,371.05698,0.90803,-0.01776,-0.41815,0.01775,0.00000,0.00000,0.00000,
77025531136,-28.93201,-7.04566,371.32157,0.89404,-0.01912,-0.44716,0.01929,0.00000,0.00000,0.00000,
77129016320,-29.34360,-7.03405,371.57518,0.87847,-0.01920,-0.47687,0.02255,0.00000,0.00000,0.00000,
77232631296,-29.79233,-7.02893,371.79682,0.86184,-0.01876,-0.50617,0.02582,0.00000,0.00000,0.00000,
77336250368,-30.26870,-7.03430,371.97668,0.84421,-0.01606,-0.53513,0.02622,0.00000,0.00000,0.00000,
77439863040,-30.76877,-7.04025,372.11845,0.82547,-0.01346,-0.56367,0.02641,0.00000,0.00000,0.00000,
77543571968,-31.28602,-7.05259,372.23248,0.80578,-0.01183,-0.59139,0.02894,0.00000,0.00000,0.00000,
77647090944,-31.82118,-7.05828,372.33242,0.78518,-0.01368,-0.61818,0.03397,0.00000,0.00000,0.00000,
77750835968,-32.38847,-7.06343,372.40165,0.76458,-0.01465,-0.64351,0.03309,0.00000,0.00000,0.00000,
77854701824,-32.95451,-7.08322,372.42452,0.74470,-0.01404,-0.66670,0.02713,0.00000,0.00000,0.00000,
77958589184,-33.54701,-7.08517,372.43880,0.72619,-0.01121,-0.68709,0.02056,0.00000,0.00000,0.00000,
78062557952,-34.09498,-7.10948,372.38817,0.70994,-0.00836,-0.70404,0.01578,0.00000,0.00000,0.00000,
78166566144,-34.70242,-7.11016,372.34187,0.69601,-0.00577,-0.71790,0.01282,0.00000,0.00000,0.00000,
78270663168,-35.31428,-7.11169,372.28060,0.68527,-0.00638,-0.72819,0.00973,0.00000,0.00000,0.00000,
78374794496,-35.91893,-7.12055,372.21348,0.67751,-0.00767,-0.73544,0.00666,0.00000,0.00000,0.00000,
78479014400,-36.53115,-7.13073,372.13697,0.67152,-0.00699,-0.74094,0.00443,0.00000,0.00000,0.00000,
78583148800,-37.14724,-7.14172,372.05249,0.66800,-0.00352,-0.74414,0.00448,0.00000,0.00000,0.00000,
78687371264,-37.76132,-7.14899,371.96668,0.66611,0.00181,-0.74582,0.00698,0.00000,0.00000,0.00000,
78791490816,-38.39249,-7.15320,371.89787,0.66500,0.00598,-0.74673,0.01147,0.00000,0.00000,0.00000,
78895606016,-39.05306,-7.16199,371.82997,0.66485,0.00646,-0.74681,0.01439,0.00000,0.00000,0.00000,
78999745536,-39.71986,-7.18220,371.75486,0.66537,0.00418,-0.74636,0.01421,0.00000,0.00000,0.00000,
79103609600,-40.40282,-7.20558,371.68489,0.66566,0.00141,-0.74614,0.01318,0.00000,0.00000,0.00000,
79207547136,-41.10381,-7.21980,371.60593,0.66593,0.00143,-0.74591,0.01202,0.00000,0.00000,0.00000,
79311376384,-41.80787,-7.23988,371.52440,0.66623,0.00244,-0.74566,0.01138,0.00000,0.00000,0.00000,
79415182592,-42.52497,-7.25970,371.44193,0.66683,0.00444,-0.74513,0.00996,0.00000,0.00000,0.00000,
79518971136,-43.24989,-7.28090,371.35936,0.66808,0.00653,-0.74400,0.00933,0.00000,0.00000,0.00000,
79622674176,-43.98771,-7.29882,371.26972,0.67006,0.00813,-0.74221,0.00873,0.00000,0.00000,0.00000,
79726402304,-44.73968,-7.32542,371.19148,0.67171,0.00872,-0.74072,0.00766,0.00000,0.00000,0.00000,
79830148608,-45.50759,-7.34471,371.11800,0.67339,0.00848,-0.73922,0.00576,0.00000,0.00000,0.00000,
79933874176,-46.29499,-7.35951,371.04626,0.67493,0.00865,-0.73783,0.00324,0.00000,0.00000,0.00000,
80037500672,-47.10151,-7.37578,370.96269,0.67631,0.00807,-0.73657,0.00263,0.00000,0.00000,0.00000,
80141269760,-47.91319,-7.39871,370.90023,0.67734,0.00852,-0.73562,0.00316,0.00000,0.00000,0.00000,
80244854272,-48.75069,-7.41555,370.83325,0.67847,0.00863,-0.73456,0.00473,0.00000,0.00000,0.00000,
80348499712,-49.60636,-7.42899,370.76426,0.67984,0.00734,-0.73330,0.00551,0.00000,0.00000,0.00000,
80452208384,-50.47784,-7.44619,370.69104,0.68106,0.00574,-0.73220,0.00391,0.00000,0.00000,0.00000,
80555830016,-51.36939,-7.46289,370.62487,0.68222,0.00333,-0.73114,0.00244,0.00000,0.00000,0.00000,
80659446528,-52.26764,-7.47457,370.56865,0.68320,0.00110,-0.73023,0.00122,0.00000,0.00000,0.00000,
80763186944,-53.17757,-7.49374,370.50341,0.68426,0.00028,-0.72924,0.00087,0.00000,0.00000,0.00000,
80866797824,-54.08458,-7.50098,370.43893,0.68524,0.00147,-0.72831,0.00074,0.00000,0.00000,0.00000,
80970417152,-54.98832,-7.51211,370.37714,0.68601,0.00361,-0.72758,0.00163,0.00000,0.00000,0.00000,
81074086400,-55.90325,-7.53015,370.31970,0.68634,0.00412,-0.72726,0.00336,0.00000,0.00000,0.00000,
81177670400,-56.82019,-7.54569,370.26530,0.68651,0.00403,-0.72710,0.00386,0.00000,0.00000,0.00000,
81281390848,-57.74291,-7.56601,370.21590,0.68635,0.00369,-0.72725,0.00351,0.00000,0.00000,0.00000,
81385027328,-58.65801,-7.58319,370.16700,0.68603,0.00276,-0.72756,0.00352,0.00000,0.00000,0.00000,
81488621312,-59.57990,-7.60203,370.11195,0.68559,0.00235,-0.72798,0.00323,0.00000,0.00000,0.00000,
81592233472,-60.50922,-7.61835,370.05027,0.68502,0.00212,-0.72852,0.00293,0.00000,0.00000,0.00000,
81695848960,-61.42127,-7.63878,369.99235,0.68451,0.00284,-0.72899,0.00154,0.00000,0.00000,0.00000,
81799468544,-62.33771,-7.66688,369.92792,0.68408,0.00297,-0.72940,0.00094,0.00000,0.00000,0.00000,
81903080448,-63.24616,-7.67794,369.86288,0.68370,0.00266,-0.72976,0.00102,0.00000,0.00000,0.00000,
82006699264,-64.16315,-7.69425,369.80810,0.68305,0.00392,-0.73036,0.00028,0.00000,0.00000,0.00000,
82110316288,-65.06264,-7.71307,369.74673,0.68234,0.00427,-0.73102,0.00111,0.00000,0.00000,0.00000,
82214067200,-65.95571,-7.73124,369.66827,0.68138,0.00435,-0.73191,0.00192,0.00000,0.00000,0.00000,
82317668608,-66.85571,-7.73596,369.57898,0.68016,0.00411,-0.73305,0.00068,0.00000,0.00000,0.00000,
82421408256,-67.77993,-7.74820,369.50342,0.67864,0.00296,-0.73447,-0.00097,0.00000,0.00000,0.00000,
82525024512,-68.68076,-7.76020,369.41434,0.67738,0.00301,-0.73562,-0.00256,0.00000,0.00000,0.00000,
82628781312,-69.57724,-7.78877,369.32809,0.67615,0.00511,-0.73673,-0.00383,0.00000,0.00000,0.00000,
82732378880,-70.48047,-7.80326,369.23797,0.67526,0.00652,-0.73754,-0.00421,0.00000,0.00000,0.00000,
82836140544,-71.38174,-7.82538,369.14281,0.67430,0.00760,-0.73842,-0.00220,0.00000,0.00000,0.00000,
82939734016,-72.27374,-7.84922,369.05305,0.67375,0.00727,-0.73892,-0.00051,0.00000,0.00000,0.00000,
83043500288,-73.18739,-7.86927,368.96720,0.67318,0.00623,-0.73946,-0.00113,0.00000,0.00000,0.00000,
83147218944,-74.08249,-7.88839,368.86897,0.67303,0.00570,-0.73959,-0.00217,0.00000,0.00000,0.00000,
83250974976,-74.97997,-7.90503,368.77747,0.67321,0.00441,-0.73944,-0.00218,0.00000,0.00000,0.00000,
83354574592,-75.85525,-7.91876,368.69725,0.67361,0.00644,-0.73906,-0.00132,0.00000,0.00000,0.00000,
83458190080,-76.73348,-7.92589,368.61526,0.67481,0.00751,-0.73795,-0.00098,0.00000,0.00000,0.00000,
83561977088,-77.61903,-7.94039,368.53780,0.67588,0.00853,-0.73696,-0.00223,0.00000,0.00000,0.00000,
83665554688,-78.49995,-7.96175,368.46372,0.67743,0.00757,-0.73554,-0.00308,0.00000,0.00000,0.00000,
83769384192,-79.38967,-7.98575,368.38551,0.67910,0.00713,-0.73400,-0.00409,0.00000,0.00000,0.00000,
83872916992,-80.28231,-8.00143,368.30718,0.68109,0.00678,-0.73215,-0.00465,0.00000,0.00000,0.00000,
83976711936,-81.16496,-8.01457,368.24321,0.68301,0.00594,-0.73037,-0.00473,0.00000,0.00000,0.00000,
84080132352,-82.05408,-8.02720,368.18582,0.68474,0.00539,-0.72876,-0.00453,0.00000,0.00000,0.00000,
84183747840,-82.93032,-8.04233,368.13808,0.68669,0.00532,-0.72693,-0.00364,0.00000,0.00000,0.00000,
84287598080,-83.79728,-8.05492,368.09299,0.68847,0.00605,-0.72523,-0.00298,0.00000,0.00000,0.00000,
84391164160,-84.67697,-8.06964,368.04731,0.69033,0.00665,-0.72346,-0.00254,0.00000,0.00000,0.00000,
84494761472,-85.54573,-8.08574,368.01009,0.69207,0.00692,-0.72179,-0.00200,0.00000,0.00000,0.00000,
84598479616,-86.42370,-8.10643,367.98024,0.69381,0.00637,-0.72012,-0.00212,0.00000,0.00000,0.00000,
84702117120,-87.31479,-8.11723,367.95402,0.69554,0.00616,-0.71846,-0.00266,0.00000,0.00000,0.00000,
84805712640,-88.20984,-8.14336,367.93136,0.69710,0.00544,-0.71694,-0.00349,0.00000,0.00000,0.00000,
84909307904,-89.09416,-8.16237,367.89735,0.69863,0.00402,-0.71547,-0.00388,0.00000,0.00000,0.00000,
85012961024,-89.94220,-8.16521,367.85844,0.70004,0.00290,-0.71409,-0.00353,0.00000,0.00000,0.00000,
85116695808,-90.81088,-8.17936,367.85019,0.70102,0.00190,-0.71314,-0.00280,0.00000,0.00000,0.00000,
85220273408,-91.63924,-8.18422,367.82319,0.70194,0.00139,-0.71223,-0.00116,0.00000,0.00000,0.00000,
85324078848,-92.47687,-8.18960,367.81772,0.70234,0.00118,-0.71184,0.00062,0.00000,0.00000,0.00000,
85427749888,-93.28666,-8.20073,367.81413,0.70259,-0.00011,-0.71160,0.00205,0.00000,0.00000,0.00000,
85531341568,-94.06939,-8.21360,367.81027,0.70250,-0.00060,-0.71168,0.00287,0.00000,0.00000,0.00000,
85635012352,-94.82480,-8.23278,367.80241,0.70236,-0.00099,-0.71181,0.00468,0.00000,0.00000,0.00000,
85738667520,-95.56204,-8.24818,367.78762,0.70202,-0.00148,-0.71213,0.00563,0.00000,0.00000,0.00000,
85842513408,-96.27658,-8.24799,367.77407,0.70126,-0.00213,-0.71287,0.00680,0.00000,0.00000,0.00000,
85946048512,-96.97995,-8.26849,367.76849,0.69988,-0.00361,-0.71422,0.00668,0.00000,0.00000,0.00000,
86049576448,-97.64715,-8.27509,367.76034,0.69825,-0.00509,-0.71580,0.00691,0.00000,0.00000,0.00000,
86153186304,-98.27947,-8.28467,367.74651,0.69627,-0.00574,-0.71772,0.00696,0.00000,0.00000,0.00000,
86257684224,-98.89504,-8.31196,367.72989,0.69410,-0.00648,-0.71981,0.00750,0.00000,0.00000,0.00000,
86360512512,-99.48728,-8.31160,367.69903,0.69177,-0.00581,-0.72204,0.00860,0.00000,0.00000,0.00000,
86464183552,-100.08457,-8.33797,367.65980,0.68929,-0.00534,-0.72440,0.00948,0.00000,0.00000,0.00000,
86567779072,-100.69317,-8.35304,367.62780,0.68629,-0.00517,-0.72725,0.00895,0.00000,0.00000,0.00000,
86671553536,-101.29343,-8.36702,367.58205,0.68368,-0.00587,-0.72970,0.00888,0.00000,0.00000,0.00000,
86775140608,-101.88314,-8.37811,367.53463,0.68102,-0.00556,-0.73220,0.00841,0.00000,0.00000,0.00000,
86878894592,-102.46406,-8.38458,367.47591,0.67860,-0.00431,-0.73444,0.00901,0.00000,0.00000,0.00000,
86982506752,-103.04958,-8.39504,367.41089,0.67619,-0.00235,-0.73666,0.00981,0.00000,0.00000,0.00000,
87086251776,-103.63229,-8.40794,367.35572,0.67382,-0.00142,-0.73881,0.01115,0.00000,0.00000,0.00000,
87190183680,-104.21305,-8.41684,367.30776,0.67132,-0.00037,-0.74107,0.01211,0.00000,0.00000,0.00000,
87293638144,-104.79452,-8.43577,367.23650,0.66935,0.00066,-0.74283,0.01278,0.00000,0.00000,0.00000,
87397224448,-105.37976,-8.45571,367.14607,0.66760,0.00195,-0.74441,0.01227,0.00000,0.00000,0.00000,
87501039872,-105.96627,-8.47248,367.06196,0.66609,0.00290,-0.74578,0.01152,0.00000,0.00000,0.00000,
87604562432,-106.56944,-8.49123,366.98522,0.66436,0.00290,-0.74731,0.01190,0.00000,0.00000,0.00000,
87708318976,-107.16885,-8.50914,366.89811,0.66297,0.00276,-0.74854,0.01209,0.00000,0.00000,0.00000,
87811981568,-107.78297,-8.53225,366.81623,0.66153,0.00328,-0.74981,0.01200,0.00000,0.00000,0.00000,
87915645696,-108.39797,-8.55006,366.72217,0.66040,0.00556,-0.75081,0.01104,0.00000,0.00000,0.00000,
88019283968,-109.02131,-8.57696,366.63065,0.65957,0.00707,-0.75154,0.01009,0.00000,0.00000,0.00000,
88123031296,-109.65027,-8.59900,366.53817,0.65916,0.00737,-0.75190,0.01016,0.00000,0.00000,0.00000,
88226623488,-110.29301,-8.61687,366.45065,0.65897,0.00691,-0.75205,0.01100,0.00000,0.00000,0.00000,
88330462976,-110.93878,-8.63205,366.35847,0.65883,0.00686,-0.75220,0.00990,0.00000,0.00000,0.00000,
88434331392,-111.60553,-8.64575,366.26375,0.65911,0.00547,-0.75198,0.00847,0.00000,0.00000,0.00000,
88537784064,-112.26890,-8.65599,366.17122,0.65906,0.00451,-0.75206,0.00557,0.00000,0.00000,0.00000,
88641403648,-112.96811,-8.66163,366.07702,0.65942,0.00100,-0.75178,0.00059,0.00000,0.00000,0.00000,
88745076480,-113.65814,-8.67569,365.98561,0.66009,-0.00109,-0.75117,-0.00504,0.00000,0.00000,0.00000,
88848894720,-114.37135,-8.68392,365.89460,0.66102,-0.00147,-0.75034,-0.00656,0.00000,0.00000,0.00000,
88952552192,-115.08893,-8.68717,365.79194,0.66223,0.00242,-0.74929,-0.00429,0.00000,0.00000,0.00000,
89056169216,-115.80352,-8.68805,365.69249,0.66397,0.00842,-0.74771,0.00123,0.00000,0.00000,0.00000,
89159791360,-116.55410,-8.67751,365.60044,0.66515,0.01105,-0.74662,0.00139,0.00000,0.00000,0.00000,
89263542016,-117.32445,-8.67647,365.50793,0.66706,0.00723,-0.74497,-0.00195,0.00000,0.00000,0.00000,
89367141376,-118.11682,-8.68576,365.42513,0.66849,0.00052,-0.74367,-0.00844,0.00000,0.00000,0.00000,
89470883072,-118.94952,-8.69268,365.34898,0.66987,-0.00170,-0.74242,-0.00915,0.00000,0.00000,0.00000,
89574493440,-119.76547,-8.69433,365.26887,0.67095,0.00123,-0.74148,-0.00515,0.00000,0.00000,0.00000,
89678234624,-120.58535,-8.69727,365.17975,0.67240,0.00752,-0.74015,0.00107,0.00000,0.00000,0.00000,
89781977088,-121.42173,-8.70412,365.09343,0.67390,0.01150,-0.73872,0.00391,0.00000,0.00000,0.00000,
89885591296,-122.29526,-8.72082,365.01118,0.67541,0.01219,-0.73734,0.00049,0.00000,0.00000,0.00000,
89989350656,-123.19641,-8.74128,364.92133,0.67753,0.01068,-0.73540,-0.00548,0.00000,0.00000,0.00000,
90092948224,-124.10161,-8.75054,364.83601,0.67996,0.01088,-0.73313,-0.00797,0.00000,0.00000,0.00000,
90196714240,-125.00611,-8.77105,364.76117,0.68254,0.01491,-0.73068,-0.00546,0.00000,0.00000,0.00000,
90300450816,-125.92638,-8.77982,364.70210,0.68520,0.01879,-0.72811,0.00082,0.00000,0.00000,0.00000,
90404046080,-126.84820,-8.80586,364.64939,0.68774,0.01899,-0.72568,0.00618,0.00000,0.00000,0.00000,
90507786496,-127.79249,-8.84213,364.60925,0.69028,0.01582,-0.72334,0.00581,0.00000,0.00000,0.00000,
